scenario	reset	playerTime	tvTime	seekThresholdS	action	rate	drift	filteredDrift	mode
boundaries	1	0	0	2	none	1	0	0	locked
boundaries	1	0.02	0	2	none	1	0.02	0.02	locked
boundaries	1	0.1	0	2	none	1	0.1	0.1	locked
boundaries	1	0.100001	0	2	rate	0.9666663333333333	0.100001	0.100001	correcting
boundaries	1	-0.100001	0	2	rate	1.0333336666666666	-0.100001	-0.100001	correcting
boundaries	1	2	0	2	rate	0.95	2	2	correcting
boundaries	1	-2	0	2	rate	1.05	-2	-2	correcting
boundaries	1	2.000001	0	2	seek	1	2.000001	0	locked
boundaries	1	-2.000001	0	2	seek	1	-2.000001	0	locked
live	1	3	0	5	rate	0.95	3	3	correcting
live	1	5	0	5	rate	0.95	5	5	correcting
live	1	5.000001	0	5	seek	1	5.000001	0	locked
live	1	-3	0	5	rate	1.05	-3	-3	correcting
live	1	-5	0	5	rate	1.05	-5	-5	correcting
live	1	-5.000001	0	5	seek	1	-5.000001	0	locked
zero-threshold	1	0.001	0	0	seek	1	0.001	0	locked
jitter	1	0	0	2	none	1	0	0	locked
jitter	0	0.029749944313574056	0	2	none	1	0.029749944313574056	0.007437486078393514	locked
jitter	0	-0.007666233060804936	0	2	none	1	-0.007666233060804936	0.0036615562935939016	locked
jitter	0	-0.027774440469831973	0	2	none	1	-0.027774440469831973	-0.004197442897262567	locked
jitter	0	0.014823400534158244	0	2	none	1	0.014823400534158244	0.0005577679605926356	locked
jitter	0	0.023954613378704706	0	2	none	1	0.023954613378704706	0.006406979315120654	locked
jitter	0	-0.020996240627806268	0	2	none	1	-0.020996240627806268	-0.00044382567061107634	locked
jitter	0	-0.018544113367111	0	2	none	1	-0.018544113367111	-0.004968897594736057	locked
jitter	0	0.025774854445694873	0	2	none	1	0.025774854445694873	0.0027170404153716754	locked
jitter	0	0.01190221719391841	0	2	none	1	0.01190221719391841	0.005013334610008359	locked
jitter	0	-0.028841924756386705	0	2	none	1	-0.028841924756386705	-0.0034504802315904067	locked
jitter	0	-0.004469970774425964	0	2	none	1	-0.004469970774425964	-0.003705352867299296	locked
jitter	0	0.029993787004280074	0	2	none	1	0.029993787004280074	0.004719432100595547	locked
jitter	0	-0.0032590978627222867	0	2	none	1	-0.0032590978627222867	0.0027247996097660883	locked
jitter	0	-0.029153953372315897	0	2	none	1	-0.029153953372315897	-0.005244888635754408	locked
jitter	0	0.010771750620665049	0	2	none	1	0.010771750620665049	-0.001240728821649544	locked
jitter	0	0.026378191849521726	0	2	none	1	0.026378191849521726	0.005664001346143274	locked
jitter	0	-0.017569120199228926	0	2	none	1	-0.017569120199228926	-0.00014427904019977643	locked
jitter	0	-0.021850823034947876	0	2	none	1	-0.021850823034947876	-0.005570915038886801	locked
jitter	0	0.023199836686986615	0	2	none	1	0.023199836686986615	0.0016217728925815526	locked
jitter	0	0.015872480583600714	0	2	none	1	0.015872480583600714	0.0051844498153363425	locked
jitter	0	-0.027290000155005757	0	2	none	1	-0.027290000155005757	-0.0029341626772491822	locked
jitter	0	-0.008840148045007726	0	2	none	1	-0.008840148045007726	-0.004410659019188818	locked
jitter	0	0.02956800896371899	0	2	none	1	0.02956800896371899	0.004084007976538134	locked
jitter	0	0.0012207977204959457	0	2	none	1	0.0012207977204959457	0.0033682054125275867	locked
jitter	0	-0.02988259509358782	0	2	none	1	-0.02988259509358782	-0.004944494714001265	locked
jitter	0	0.006479617985646514	0	2	none	1	0.006479617985646514	-0.0020884665390893203	locked
jitter	0	0.028212868888410177	0	2	none	1	0.028212868888410177	0.005486867317785554	locked
jitter	0	-0.013749763634752976	0	2	none	1	-0.013749763634752976	0.0006777095796509217	locked
jitter	0	-0.024669706204004736	0	2	none	1	-0.024669706204004736	-0.005659144366262993	locked
jitter	0	0.02010687527530124	0	2	none	1	0.02010687527530124	0.0007823605441280657	locked
jitter	0	0.019488385850586033	0	2	none	1	0.019488385850586033	0.005458866870742558	locked
jitter	0	-0.025128817714410827	0	2	none	1	-0.025128817714410827	-0.0021880542755457885	locked
jitter	0	-0.01301296622927052	0	2	none	1	-0.01301296622927052	-0.004894282263976971	locked
jitter	0	0.028482115820601034	0	2	none	1	0.028482115820601034	0.0034498172571675303	locked
jitter	0	0.005673438610526746	0	2	none	1	0.005673438610526746	0.004005722595507334	locked
jitter	0	-0.029944098477981098	0	2	none	1	-0.029944098477981098	-0.004481732672864774	locked
jitter	0	0.002042825840534944	0	2	none	1	0.002042825840534944	-0.0028505930445148447	locked
jitter	0	0.02941768475326602	0	2	none	1	0.02941768475326602	0.005216476404930372	locked
jitter	0	-0.00962343927129435	0	2	none	1	-0.00962343927129435	0.001506497485874191	locked
jitter	0	-0.026937830420678738	0	2	none	1	-0.026937830420678738	-0.0056045844907640415	locked
jitter	0	0.016565021547236408	0	2	none	1	0.016565021547236408	-0.00006218298126392865	locked
jitter	0	0.022669206772182635	0	2	none	1	0.022669206772182635	0.005620664457097712	locked
jitter	0	-0.02240662651252129	0	2	none	1	-0.02240662651252129	-0.0013861582853070386	locked
jitter	0	-0.016895265848433504	0	2	none	1	-0.016895265848433504	-0.005263435176088654	locked
jitter	0	0.026760350480981115	0	2	none	1	0.026760350480981115	0.002742511238178788	locked
jitter	0	0.009999418198647327	0	2	none	1	0.009999418198647327	0.0045567379782959225	locked
jitter	0	-0.029337090443089443	0	2	none	1	-0.029337090443089443	-0.003916719127050419	locked
jitter	0	-0.002439573034163706	0	2	none	1	-0.002439573034163706	-0.003547432603828741	locked
jitter	0	0.0299657415508571	0	2	none	1	0.0299657415508571	0.004830860934842719	locked
jitter	0	-0.005282268598457612	0	2	none	1	-0.005282268598457612	0.002302578551517636	locked
jitter	0	-0.028604559098254267	0	2	none	1	-0.028604559098254267	-0.00542420586092534	locked
jitter	0	0.012653348501579427	0	2	none	1	0.012653348501579427	-0.0009048172702991485	locked
jitter	0	0.02534393052059225	0	2	none	1	0.02534393052059225	0.005657369677423701	locked
jitter	0	-0.019184200324352817	0	2	none	1	-0.019184200324352817	-0.000553022823020429	locked
jitter	0	-0.020400373342081588	0	2	none	1	-0.020400373342081588	-0.0055148604527857185	locked
jitter	0	0.02444115189775374	0	2	none	1	0.02444115189775374	0.0019741426348491463	locked
jitter	0	0.014102157629549457	0	2	none	1	0.014102157629549457	0.005006146383524224	locked
jitter	0	-0.028075122634263722	0	2	none	1	-0.028075122634263722	-0.0032641708709227626	locked
jitter	0	-0.006867507673356202	0	2	none	1	-0.006867507673356202	-0.0041650050715311224	locked
jitter	0	0.02984480374075219	0	2	none	1	0.02984480374075219	0.004337447131539706	locked
jitter	0	-0.0008231696172967655	0	2	none	1	-0.0008231696172967655	0.0030472929443305877	locked
jitter	0	-0.029632681994632166	0	2	none	1	-0.029632681994632166	-0.005122700790410101	locked
jitter	0	0.008459185469733468	0	2	none	1	0.008459185469733468	-0.0017272292253742087	locked
jitter	0	0.0274528430466324	0	2	none	1	0.0274528430466324	0.005567788842627444	locked
jitter	0	-0.015533480828369152	0	2	none	1	-0.015533480828369152	0.0002924714248782952	locked
jitter	0	-0.023450036082671412	0	2	none	1	-0.023450036082671412	-0.005643155452009132	locked
jitter	0	0.021576296908936195	0	2	none	1	0.021576296908936195	0.0011617076382272	locked
jitter	0	0.017890061954667604	0	2	none	1	0.017890061954667604	0.0053437962173373005	locked
jitter	0	-0.026186368879865803	0	2	none	1	-0.026186368879865803	-0.002538745056963475	locked
jitter	0	-0.011142123043142707	0	2	none	1	-0.011142123043142707	-0.004689589553508283	locked
jitter	0	0.029057571297610336	0	2	none	1	0.029057571297610336	0.003747200659271372	locked
jitter	0	0.0036543068845494527	0	2	none	1	0.0036543068845494527	0.0037239772155908918	locked
jitter	0	-0.029999245942691107	0	2	none	1	-0.029999245942691107	-0.004706828573979608	locked
jitter	0	0.0040761684609169286	0	2	none	1	0.0040761684609169286	-0.002511079315255474	locked
jitter	0	0.028948862214670665	0	2	none	1	0.028948862214670665	0.005353906067226061	locked
jitter	0	-0.011535971485876827	0	2	none	1	-0.011535971485876827	0.001131436678950339	locked
jitter	0	-0.025976169390059714	0	2	none	1	-0.025976169390059714	-0.005645464838302174	locked
jitter	0	0.018229744303471292	0	2	none	1	0.018229744303471292	0.00032333744714119206	locked
jitter	0	0.021278565018225164	0	2	none	1	0.021278565018225164	0.005562144339912185	locked
jitter	0	-0.02371299620168666	0	2	none	1	-0.02371299620168666	-0.0017566407954875268	locked
jitter	0	-0.015167987010549066	0	2	none	1	-0.015167987010549066	-0.005109477349252912	locked
jitter	0	0.027621619433397217	0	2	none	1	0.027621619433397217	0.003073296846409621	locked
jitter	0	0.008050199835509952	0	2	none	1	0.008050199835509952	0.004317522593684704	locked
jitter	0	-0.029696067286965427	0	2	none	1	-0.029696067286965427	-0.004185874876477829	locked
jitter	0	-0.00039785029119990045	0	2	none	1	-0.00039785029119990045	-0.0032388687301583468	locked
jitter	0	0.029798588926115494	0	2	none	1	0.029798588926115494	0.005020495683910113	locked
jitter	0	-0.007280917950611401	0	2	none	1	-0.007280917950611401	0.001945142275279735	locked
jitter	0	-0.02792237654340809	0	2	none	1	-0.02792237654340809	-0.005521737429392222	locked
jitter	0	0.014476206921140043	0	2	none	1	0.014476206921140043	-0.0005222513417591557	locked
jitter	0	0.024192017423264586	0	2	none	1	0.024192017423264586	0.00565631584949678	locked
jitter	0	-0.020710223422918343	0	2	none	1	-0.020710223422918343	-0.0009353189686070011	locked
jitter	0	-0.018855220895917905	0	2	none	1	-0.018855220895917905	-0.005415294450434727	locked
jitter	0	0.025569006225248436	0	2	none	1	0.025569006225248436	0.0023307807184860634	locked
jitter	0	0.012266369542455966	0	2	none	1	0.012266369542455966	0.004814677924478539	locked
jitter	0	-0.028729914586327936	0	2	none	1	-0.028729914586327936	-0.00357147020322308	locked
jitter	0	-0.004862986910397753	0	2	none	1	-0.004862986910397753	-0.003894349380016748	locked
jitter	0	0.029983052764799765	0	2	none	1	0.029983052764799765	0.00457500115618738	locked
jitter	0	-0.00286331563143573	0	2	none	1	-0.00286331563143573	0.0027154219592816025	locked
jitter	0	-0.029245207855718214	0	2	none	1	-0.029245207855718214	-0.005274735494468352	locked
reset-and-seek	1	0.5	0	2	rate	0.95	0.5	0.5	correcting
reset-and-seek	0	0.5	0	2	none	0.95	0.5	0.5	correcting
reset-and-seek	0	10	0	2	seek	1	10	0	locked
reset-and-seek	0	0.04	0	2	none	1	0.04	0.01	locked
reset-and-seek	0	-0.5	0	2	rate	1.0391666666666666	-0.5	-0.1175	correcting
reset-and-seek	1	0	0	2	none	1	0	0	locked
reset-and-seek	0	0	0	2	none	1	0	0	locked
reset-and-seek	0	0	0	2	none	1	0	0	locked
release	1	0.5	0	2	rate	0.95	0.5	0.5	correcting
release	0	0	0	2	none	0.95	0	0.375	correcting
release	0	0	0	2	none	0.95	0	0.28125	correcting
release	0	0	0	2	none	0.95	0	0.2109375	correcting
release	0	0	0	2	rate	0.9530989583333334	0	0.158203125	correcting
release	0	0	0	2	rate	0.9659210069444445	0	0.11865234375	correcting
release	0	0	0	2	rate	0.9743127965856482	0	0.0889892578125	correcting
release	0	0	0	2	rate	0.980749525945216	0	0.066741943359375	correcting
release	0	0	0	2	rate	0.985560402799881	0	0.05005645751953125	correcting
release	0	0	0	2	rate	0.9891705052934644	0	0.03754234313964844	correcting
release	0	0	0	2	rate	0.9918778552641837	0	0.028156757354736328	correcting
release	0	0	0	2	rate	0.9939083942138278	0	0.021117568016052246	correcting
release	0	0	0	2	rate	1	0	0.015838176012039185	locked
release	0	0	0	2	none	1	0	0.011878632009029388	locked
release	0	0	0	2	none	1	0	0.008908974006772041	locked
release	0	0	0	2	none	1	0	0.006681730505079031	locked
release	0	0	0	2	none	1	0	0.005011297878809273	locked
release	0	0	0	2	none	1	0	0.003758473409106955	locked
release	0	0	0	2	none	1	0	0.002818855056830216	locked
release	0	0	0	2	none	1	0	0.002114141292622662	locked
release	0	0	0	2	none	1	0	0.0015856059694669966	locked
release	0	0	0	2	none	1	0	0.0011892044771002475	locked
release	0	0	0	2	none	1	0	0.0008919033578251856	locked
release	0	0	0	2	none	1	0	0.0006689275183688892	locked
release	0	0	0	2	none	1	0	0.0005016956387766669	locked
release	0	0	0	2	none	1	0	0.00037627172908250017	locked
release	0	0	0	2	none	1	0	0.00028220379681187513	locked
release	0	0	0	2	none	1	0	0.00021165284760890635	locked
release	0	0	0	2	none	1	0	0.00015873963570667976	locked
release	0	0	0	2	none	1	0	0.00011905472678000982	locked
release	0	0	0	2	none	1	0	0.00008929104508500737	locked
release	0	0	0	2	none	1	0	0.00006696828381375552	locked
release	0	0	0	2	none	1	0	0.00005022621286031664	locked
release	0	0	0	2	none	1	0	0.00003766965964523748	locked
release	0	0	0	2	none	1	0	0.00002825224473392811	locked
release	0	0	0	2	none	1	0	0.000021189183550446082	locked
release	0	0	0	2	none	1	0	0.00001589188766283456	locked
release	0	0	0	2	none	1	0	0.00001191891574712592	locked
release	0	0	0	2	none	1	0	0.000008939186810344441	locked
release	0	0	0	2	none	1	0	0.000006704390107758331	locked
release	0	0	0	2	none	1	0	0.000005028292580818748	locked
release	0	0	0	2	none	1	0	0.0000037712194356140615	locked
release	0	0	0	2	none	1	0	0.000002828414576710546	locked
release	0	0	0	2	none	1	0	0.0000021213109325329097	locked
release	0	0	0	2	none	1	0	0.0000015909831993996823	locked
release	0	0	0	2	none	1	0	0.0000011932373995497618	locked
release	0	0	0	2	none	1	0	8.949280496623213e-7	locked
release	0	0	0	2	none	1	0	6.71196037246741e-7	locked
release	0	0	0	2	none	1	0	5.033970279350557e-7	locked
release	0	0	0	2	none	1	0	3.7754777095129174e-7	locked
release	0	0	0	2	none	1	0	2.831608282134688e-7	locked
release	0	0	0	2	none	1	0	2.123706211601016e-7	locked
release	0	0	0	2	none	1	0	1.592779658700762e-7	locked
release	0	0	0	2	none	1	0	1.1945847440255716e-7	locked
release	0	0	0	2	none	1	0	8.959385580191786e-8	locked
release	0	0	0	2	none	1	0	6.71953918514384e-8	locked
release	0	0	0	2	none	1	0	5.0396543888578796e-8	locked
release	0	0	0	2	none	1	0	3.77974079164341e-8	locked
release	0	0	0	2	none	1	0	2.8348055937325575e-8	locked
release	0	0	0	2	none	1	0	2.1261041952994182e-8	locked
release	0	0	0	2	none	1	0	1.5945781464745636e-8	locked
behind	1	0	0.3	2	rate	1.05	-0.3	-0.3	correcting
behind	0	0.1	0.4	2	none	1.05	-0.30000000000000004	-0.3	correcting
behind	0	0.20500000000000002	0.5	2	none	1.05	-0.295	-0.29874999999999996	correcting
behind	0	0.31000000000000005	0.6	2	none	1.05	-0.2899999999999999	-0.29656249999999995	correcting
behind	0	0.41500000000000004	0.7	2	none	1.05	-0.2849999999999999	-0.2936718749999999	correcting
behind	0	0.52	0.7999999999999999	2	none	1.05	-0.2799999999999999	-0.2902539062499999	correcting
behind	0	0.625	0.8999999999999999	2	none	1.05	-0.2749999999999999	-0.28644042968749994	correcting
behind	0	0.73	0.9999999999999999	2	none	1.05	-0.2699999999999999	-0.28233032226562493	correcting
behind	0	0.835	1.0999999999999999	2	none	1.05	-0.2649999999999999	-0.27799774169921865	correcting
behind	0	0.94	1.2	2	none	1.05	-0.26	-0.27349830627441396	correcting
behind	0	1.045	1.3	2	none	1.05	-0.2550000000000001	-0.26887372970581047	correcting
behind	0	1.15	1.4000000000000001	2	none	1.05	-0.2500000000000002	-0.26415529727935794	correcting
behind	0	1.255	1.5000000000000002	2	none	1.05	-0.24500000000000033	-0.25936647295951853	correcting
behind	0	1.3599999999999999	1.6000000000000003	2	none	1.05	-0.24000000000000044	-0.25452485471963904	correcting
behind	0	1.4649999999999999	1.7000000000000004	2	none	1.05	-0.23500000000000054	-0.2496436410397294	correcting
behind	0	1.5699999999999998	1.8000000000000005	2	none	1.05	-0.23000000000000065	-0.24473273077979724	correcting
behind	0	1.6749999999999998	1.9000000000000006	2	none	1.05	-0.22500000000000075	-0.2397995480848481	correcting
behind	0	1.7799999999999998	2.0000000000000004	2	none	1.05	-0.22000000000000064	-0.23484966106363625	correcting
behind	0	1.8849999999999998	2.1000000000000005	2	none	1.05	-0.21500000000000075	-0.22988724579772737	correcting
behind	0	1.9899999999999998	2.2000000000000006	2	none	1.05	-0.21000000000000085	-0.22491543434829575	correcting
behind	0	2.0949999999999998	2.3000000000000007	2	none	1.05	-0.20500000000000096	-0.21993657576122205	correcting
behind	0	2.1999999999999997	2.400000000000001	2	none	1.05	-0.20000000000000107	-0.2149524318209168	correcting
behind	0	2.3049999999999997	2.500000000000001	2	none	1.05	-0.19500000000000117	-0.2099643238656879	correcting
behind	0	2.4099999999999997	2.600000000000001	2	none	1.05	-0.19000000000000128	-0.20497324289926624	correcting
behind	0	2.5149999999999997	2.700000000000001	2	none	1.05	-0.18500000000000139	-0.19997993217445004	correcting
behind	0	2.6199999999999997	2.800000000000001	2	none	1.05	-0.1800000000000015	-0.19498494913083791	correcting
behind	0	2.7249999999999996	2.9000000000000012	2	none	1.05	-0.1750000000000016	-0.18998871184812882	correcting
behind	0	2.8299999999999996	3.0000000000000013	2	none	1.05	-0.1700000000000017	-0.18499153388609704	correcting
behind	0	2.9349999999999996	3.1000000000000014	2	none	1.05	-0.1650000000000018	-0.17999365041457324	correcting
behind	0	3.0399999999999996	3.2000000000000015	2	none	1.05	-0.16000000000000192	-0.1749952378109304	correcting
behind	0	3.1449999999999996	3.3000000000000016	2	none	1.05	-0.15500000000000203	-0.1699964283581983	correcting
behind	0	3.2499999999999996	3.4000000000000017	2	none	1.05	-0.15000000000000213	-0.16499732126864927	correcting
behind	0	3.3549999999999995	3.5000000000000018	2	rate	1.0474993303171625	-0.14500000000000224	-0.1599979909514875	correcting
behind	0	3.4599999999999995	3.600000000000002	2	none	1.0474993303171625	-0.14000000000000234	-0.15499849321361622	correcting
behind	0	3.564749933031716	3.700000000000002	2	rate	1.0444788736804256	-0.13525006696828612	-0.1500613866522837	correcting
behind	0	3.669499866063432	3.800000000000002	2	none	1.0444788736804256	-0.1305001339365699	-0.14517107347335523	correcting
behind	0	3.7739477534314747	3.900000000000002	2	rate	1.0416079203196664	-0.12605224656852743	-0.14039136674714828	correcting
behind	0	3.8783956407995173	4.000000000000002	2	none	1.0416079203196664	-0.12160435920048451	-0.13569461486048234	correcting
behind	0	3.9825564328314838	4.100000000000001	2	rate	1.0388563602752026	-0.11744356716851767	-0.1311318529374912	correcting
behind	0	4.086717224863451	4.200000000000001	2	none	1.0388563602752026	-0.11328277513655038	-0.126669583487256	correcting
behind	0	4.190602860890971	4.300000000000001	2	rate	1.0362505820987928	-0.1093971391090296	-0.12235147239269939	correcting
behind	0	4.2944884969184915	4.4	2	none	1.0362505820987928	-0.1055115030815088	-0.11814148006490174	correcting
behind	0	4.398113555128371	4.5	2	rate	1.0337966725106686	-0.10188644487162879	-0.1140777212665835	correcting
behind	0	4.501738613338251	4.6	2	none	1.0337966725106686	-0.09826138666174877	-0.11012363761537482	correcting
behind	0	4.605118280589318	4.699999999999999	2	rate	1.0314947742284892	-0.09488171941068124	-0.10631315806420143	correcting
behind	0	4.708497947840385	4.799999999999999	2	none	1.0314947742284892	-0.09150205215961371	-0.1026103815880545	correcting
behind	0	4.811647425263234	4.899999999999999	2	rate	1.0293409196317536	-0.08835257473676439	-0.09904592987523198	correcting
behind	0	4.914796902686083	4.999999999999998	2	none	1.0293409196317536	-0.08520309731391507	-0.09558522173490275	correcting
behind	0	5.017730994649258	5.099999999999998	2	rate	1.0273289485892494	-0.08226900535073955	-0.09225616763886195	correcting
behind	0	5.1206650866124335	5.1999999999999975	2	none	1.0273289485892494	-0.07933491338756404	-0.08902585407603747	correcting
behind	0	5.223397981471359	5.299999999999997	2	none	1.0273289485892494	-0.07660201852863846	-0.08591989518918772	correcting
behind	0	5.326130876330284	5.399999999999997	2	rate	1.024447356767694	-0.07386912366971288	-0.082907202309319	correcting
behind	0	5.428863771189209	5.4999999999999964	2	none	1.024447356767694	-0.0711362288107873	-0.07996445893468607	correcting
behind	0	5.531308506865979	5.599999999999996	2	none	1.024447356767694	-0.06869149313401746	-0.07714621748451891	correcting
behind	0	5.633753242542748	5.699999999999996	2	rate	1.0219549258696694	-0.06624675745724762	-0.0744213524777011	correcting
behind	0	5.736197978219518	5.799999999999995	2	none	1.0219549258696694	-0.06380202178047778	-0.07176651980339527	correcting
behind	0	5.838393470806484	5.899999999999995	2	none	1.0219549258696694	-0.06160652919351062	-0.0692265221509241	correcting
behind	0	5.940588963393451	5.999999999999995	2	rate	1.019696142236815	-0.059411036606543455	-0.06677265076482894	correcting
behind	0	6.042784455980418	6.099999999999994	2	none	1.019696142236815	-0.05721554401957629	-0.06438337407851577	correcting
behind	0	6.144754070204099	6.199999999999994	2	none	1.019696142236815	-0.05524592979589471	-0.062099013007860505	correcting
behind	0	6.2467236844277805	6.299999999999994	2	rate	1.0176665629553545	-0.05327631557221313	-0.05989333864894866	correcting
behind	0	6.348693298651462	6.399999999999993	2	none	1.0176665629553545	-0.05130670134853155	-0.057746679323844384	correcting
behind	0	6.450459954946997	6.499999999999993	2	none	1.0176665629553545	-0.049540045052995474	-0.055695020756132155	correcting
behind	0	6.552226611242533	6.5999999999999925	2	none	1.0176665629553545	-0.0477733887574594	-0.05371461275646397	correcting
behind	0	6.653993267538069	6.699999999999992	2	rate	1.015201448549485	-0.04600673246192333	-0.05178764268282881	correcting
behind	0	6.755759923833605	6.799999999999992	2	none	1.015201448549485	-0.044240076166387254	-0.04990075105371842	correcting
behind	0	6.857280068688553	6.8999999999999915	2	none	1.015201448549485	-0.042719931311438586	-0.04810554611814846	correcting
behind	0	6.958800213543501	6.999999999999991	2	none	1.015201448549485	-0.04119978645648992	-0.046379106202733826	correcting
behind	0	7.0603203583984495	7.099999999999991	2	rate	1.0131279110200386	-0.03967964160154125	-0.04470424005243568	correcting
behind	0	7.161840503253398	7.19999999999999	2	none	1.0131279110200386	-0.03815949674659258	-0.04306805422597491	correcting
behind	0	7.263153294355401	7.29999999999999	2	none	1.0131279110200386	-0.036846705644588695	-0.041512717080628356	correcting
behind	0	7.364466085457405	7.39999999999999	2	none	1.0131279110200386	-0.03553391454258481	-0.040018016446117466	correcting
behind	0	7.465778876559408	7.499999999999989	2	none	1.0131279110200386	-0.034221123440580925	-0.03856879319473333	correcting
behind	0	7.567091667661412	7.599999999999989	2	rate	1.0108529697078936	-0.03290833233857704	-0.03715367798069426	correcting
behind	0	7.6684044587634155	7.699999999999989	2	none	1.0108529697078936	-0.031595541236573155	-0.035764143794663986	correcting
behind	0	7.769489755734205	7.799999999999988	2	none	1.0108529697078936	-0.030510244265783193	-0.03445066891244379	correcting
behind	0	7.870575052704995	7.899999999999988	2	none	1.0108529697078936	-0.02942494729499323	-0.03319423850808115	correcting
behind	0	7.971660349675784	7.999999999999988	2	none	1.0108529697078936	-0.02833965032420327	-0.03198059146211168	correcting
behind	0	8.072745646646574	8.099999999999987	2	none	1.0108529697078936	-0.027254353353413308	-0.030799031934937084	correcting
behind	0	8.173830943617363	8.199999999999987	2	rate	1.008614332883032	-0.026169056382624234	-0.029641538046858873	correcting
behind	0	8.274916240588151	8.299999999999986	2	none	1.008614332883032	-0.02508375941183516	-0.028502093388102945	correcting
behind	0	8.375777673876454	8.399999999999986	2	none	1.008614332883032	-0.0242223261235317	-0.027432151571960134	correcting
behind	0	8.476639107164758	8.499999999999986	2	none	1.008614332883032	-0.023360892835228242	-0.02641433688777716	correcting
behind	0	8.57750054045306	8.599999999999985	2	none	1.008614332883032	-0.022499459546924783	-0.025435617552564065	correcting
behind	0	8.678361973741364	8.699999999999985	2	none	1.008614332883032	-0.021638026258621323	-0.024486219729078378	correcting
behind	0	8.779223407029667	8.799999999999985	2	none	1.008614332883032	-0.020776592970317864	-0.023558813039388248	correcting
behind	0	8.88008484031797	8.899999999999984	2	rate	1.0065442943969944	-0.019915159682014405	-0.022647899700044785	correcting
behind	0	8.980946273606273	8.999999999999984	2	none	1.0065442943969944	-0.019053726393710946	-0.021749356373461325	correcting
behind	0	9.081600703045973	9.099999999999984	2	none	1.0065442943969944	-0.018399296954010325	-0.020911841518598574	correcting
behind	0	9.182255132485674	9.199999999999983	2	none	1.0065442943969944	-0.017744867514309703	-0.02012009801752636	correcting
behind	0	9.282909561925374	9.299999999999983	2	rate	1	-0.017090438074609082	-0.01936268303179704	locked
behind	0	9.383563991365074	9.399999999999983	2	none	1	-0.01643600863490846	-0.018631014432574894	locked
behind	0	9.483563991365074	9.499999999999982	2	none	1	-0.01643600863490846	-0.018082262983158286	locked
behind	0	9.583563991365073	9.599999999999982	2	none	1	-0.01643600863490846	-0.017670699396095828	locked
behind	0	9.683563991365073	9.699999999999982	2	none	1	-0.01643600863490846	-0.017362026705798984	locked
behind	0	9.783563991365073	9.799999999999981	2	none	1	-0.01643600863490846	-0.017130522188076355	locked
behind	0	9.883563991365072	9.89999999999998	2	none	1	-0.01643600863490846	-0.016956893799784382	locked
behind	0	9.983563991365072	9.99999999999998	2	none	1	-0.01643600863490846	-0.016826672508565402	locked
behind	0	10.083563991365072	10.09999999999998	2	none	1	-0.01643600863490846	-0.016729006540151168	locked
behind	0	10.183563991365071	10.19999999999998	2	none	1	-0.01643600863490846	-0.016655757063840492	locked
behind	0	10.283563991365071	10.29999999999998	2	none	1	-0.01643600863490846	-0.016600819956607483	locked
behind	0	10.38356399136507	10.399999999999979	2	none	1	-0.01643600863490846	-0.01655961712618273	locked
behind	0	10.48356399136507	10.499999999999979	2	none	1	-0.01643600863490846	-0.016528715003364162	locked
behind	0	10.58356399136507	10.599999999999978	2	none	1	-0.01643600863490846	-0.016505538411250235	locked
behind	0	10.68356399136507	10.699999999999978	2	none	1	-0.01643600863490846	-0.01648815596716479	locked
behind	0	10.78356399136507	10.799999999999978	2	none	1	-0.01643600863490846	-0.016475119134100706	locked
behind	0	10.883563991365069	10.899999999999977	2	none	1	-0.01643600863490846	-0.016465341509302643	locked
behind	0	10.983563991365068	10.999999999999977	2	none	1	-0.01643600863490846	-0.016458008290704096	locked
behind	0	11.083563991365068	11.099999999999977	2	none	1	-0.01643600863490846	-0.016452508376755187	locked
behind	0	11.183563991365068	11.199999999999976	2	none	1	-0.01643600863490846	-0.016448383441293506	locked
behind	0	11.283563991365067	11.299999999999976	2	none	1	-0.01643600863490846	-0.016445289739697243	locked
behind	0	11.383563991365067	11.399999999999975	2	none	1	-0.01643600863490846	-0.016442969463500046	locked
behind	0	11.483563991365067	11.499999999999975	2	none	1	-0.01643600863490846	-0.01644122925635215	locked
behind	0	11.583563991365066	11.599999999999975	2	none	1	-0.01643600863490846	-0.016439924100991227	locked
behind	0	11.683563991365066	11.699999999999974	2	none	1	-0.01643600863490846	-0.016438945234470537	locked
behind	0	11.783563991365066	11.799999999999974	2	none	1	-0.01643600863490846	-0.016438211084580018	locked
behind	0	11.883563991365065	11.899999999999974	2	none	1	-0.01643600863490846	-0.01643766047216213	locked
behind	0	11.983563991365065	11.999999999999973	2	none	1	-0.01643600863490846	-0.01643724751284871	locked
behind	0	12.083563991365065	12.099999999999973	2	none	1	-0.01643600863490846	-0.016436937793363648	locked
behind	0	12.183563991365064	12.199999999999973	2	none	1	-0.01643600863490846	-0.01643670550374985	locked
behind	0	12.283563991365064	12.299999999999972	2	none	1	-0.01643600863490846	-0.016436531286539505	locked
behind	0	12.383563991365063	12.399999999999972	2	none	1	-0.01643600863490846	-0.016436400623631744	locked
behind	0	12.483563991365063	12.499999999999972	2	none	1	-0.01643600863490846	-0.016436302626450922	locked
behind	0	12.583563991365063	12.599999999999971	2	none	1	-0.01643600863490846	-0.016436229128565308	locked
behind	0	12.683563991365062	12.69999999999997	2	none	1	-0.01643600863490846	-0.016436174005151096	locked
behind	0	12.783563991365062	12.79999999999997	2	none	1	-0.01643600863490846	-0.016436132662590437	locked
behind	0	12.883563991365062	12.89999999999997	2	none	1	-0.01643600863490846	-0.016436101655669944	locked
behind	0	12.983563991365061	12.99999999999997	2	none	1	-0.01643600863490846	-0.016436078400479573	locked
behind	0	13.083563991365061	13.09999999999997	2	none	1	-0.01643600863490846	-0.016436060959086795	locked
behind	0	13.18356399136506	13.199999999999969	2	none	1	-0.01643600863490846	-0.01643604787804221	locked
behind	0	13.28356399136506	13.299999999999969	2	none	1	-0.01643600863490846	-0.016436038067258775	locked
behind	0	13.38356399136506	13.399999999999968	2	none	1	-0.01643600863490846	-0.016436030709171198	locked
behind	0	13.48356399136506	13.499999999999968	2	none	1	-0.01643600863490846	-0.016436025190605514	locked
behind	0	13.58356399136506	13.599999999999968	2	none	1	-0.01643600863490846	-0.01643602105168125	locked
behind	0	13.683563991365059	13.699999999999967	2	none	1	-0.01643600863490846	-0.016436017947488054	locked
behind	0	13.783563991365058	13.799999999999967	2	none	1	-0.01643600863490846	-0.016436015619343155	locked
behind	0	13.883563991365058	13.899999999999967	2	none	1	-0.01643600863490846	-0.01643601387323448	locked
behind	0	13.983563991365058	13.999999999999966	2	none	1	-0.01643600863490846	-0.016436012563652975	locked
behind	0	14.083563991365057	14.099999999999966	2	none	1	-0.01643600863490846	-0.016436011581466847	locked
behind	0	14.183563991365057	14.199999999999966	2	none	1	-0.01643600863490846	-0.01643601084482725	locked
behind	0	14.283563991365057	14.299999999999965	2	none	1	-0.01643600863490846	-0.016436010292347553	locked
behind	0	14.383563991365056	14.399999999999965	2	none	1	-0.01643600863490846	-0.01643600987798778	locked
behind	0	14.483563991365056	14.499999999999964	2	none	1	-0.01643600863490846	-0.01643600956721795	locked
behind	0	14.583563991365056	14.599999999999964	2	none	1	-0.01643600863490846	-0.016436009334140578	locked
behind	0	14.683563991365055	14.699999999999964	2	none	1	-0.01643600863490846	-0.01643600915933255	locked
behind	0	14.783563991365055	14.799999999999963	2	none	1	-0.01643600863490846	-0.016436009028226527	locked
behind	0	14.883563991365055	14.899999999999963	2	none	1	-0.01643600863490846	-0.01643600892989701	locked
behind	0	14.983563991365054	14.999999999999963	2	none	1	-0.01643600863490846	-0.01643600885614987	locked
behind	0	15.083563991365054	15.099999999999962	2	none	1	-0.01643600863490846	-0.016436008800839518	locked
behind	0	15.183563991365054	15.199999999999962	2	none	1	-0.01643600863490846	-0.016436008759356753	locked
behind	0	15.283563991365053	15.299999999999962	2	none	1	-0.01643600863490846	-0.016436008728244682	locked
behind	0	15.383563991365053	15.399999999999961	2	none	1	-0.01643600863490846	-0.016436008704910625	locked
behind	0	15.483563991365052	15.499999999999961	2	none	1	-0.01643600863490846	-0.016436008687410082	locked
behind	0	15.583563991365052	15.59999999999996	2	none	1	-0.01643600863490846	-0.01643600867428468	locked
behind	0	15.683563991365052	15.69999999999996	2	none	1	-0.01643600863490846	-0.016436008664440623	locked
behind	0	15.783563991365051	15.79999999999996	2	none	1	-0.01643600863490846	-0.016436008657057584	locked
behind	0	15.883563991365051	15.89999999999996	2	none	1	-0.01643600863490846	-0.016436008651520305	locked
behind	0	15.98356399136505	15.99999999999996	2	none	1	-0.01643600863490846	-0.016436008647367342	locked
behind	0	16.08356399136505	16.09999999999996	2	none	1	-0.01643600863490846	-0.016436008644252622	locked
behind	0	16.18356399136505	16.19999999999996	2	none	1	-0.01643600863490846	-0.01643600864191658	locked
behind	0	16.283563991365053	16.29999999999996	2	none	1	-0.01643600863490846	-0.016436008640164552	locked
behind	0	16.383563991365055	16.399999999999963	2	none	1	-0.01643600863490846	-0.01643600863885053	locked
behind	0	16.483563991365056	16.499999999999964	2	none	1	-0.01643600863490846	-0.016436008637865013	locked
behind	0	16.583563991365057	16.599999999999966	2	none	1	-0.01643600863490846	-0.016436008637125875	locked
behind	0	16.68356399136506	16.699999999999967	2	none	1	-0.01643600863490846	-0.01643600863657152	locked
behind	0	16.78356399136506	16.79999999999997	2	none	1	-0.01643600863490846	-0.016436008636155755	locked
behind	0	16.88356399136506	16.89999999999997	2	none	1	-0.01643600863490846	-0.01643600863584393	locked
behind	0	16.983563991365063	16.99999999999997	2	none	1	-0.01643600863490846	-0.016436008635610063	locked
behind	0	17.083563991365065	17.099999999999973	2	none	1	-0.01643600863490846	-0.01643600863543466	locked
behind	0	17.183563991365066	17.199999999999974	2	none	1	-0.01643600863490846	-0.01643600863530311	locked
behind	0	17.283563991365067	17.299999999999976	2	none	1	-0.01643600863490846	-0.016436008635204447	locked
behind	0	17.38356399136507	17.399999999999977	2	none	1	-0.01643600863490846	-0.01643600863513045	locked
behind	0	17.48356399136507	17.49999999999998	2	none	1	-0.01643600863490846	-0.016436008635074953	locked
behind	0	17.58356399136507	17.59999999999998	2	none	1	-0.01643600863490846	-0.01643600863503333	locked
behind	0	17.683563991365073	17.69999999999998	2	none	1	-0.01643600863490846	-0.016436008635002112	locked
behind	0	17.783563991365074	17.799999999999983	2	none	1	-0.01643600863490846	-0.0164360086349787	locked
behind	0	17.883563991365076	17.899999999999984	2	none	1	-0.01643600863490846	-0.01643600863496114	locked
behind	0	17.983563991365077	17.999999999999986	2	none	1	-0.01643600863490846	-0.01643600863494797	locked
behind	0	18.08356399136508	18.099999999999987	2	none	1	-0.01643600863490846	-0.016436008634938094	locked
behind	0	18.18356399136508	18.19999999999999	2	none	1	-0.01643600863490846	-0.016436008634930686	locked
behind	0	18.28356399136508	18.29999999999999	2	none	1	-0.01643600863490846	-0.01643600863492513	locked
behind	0	18.383563991365083	18.39999999999999	2	none	1	-0.01643600863490846	-0.01643600863492096	locked
behind	0	18.483563991365084	18.499999999999993	2	none	1	-0.01643600863490846	-0.016436008634917836	locked
behind	0	18.583563991365086	18.599999999999994	2	none	1	-0.01643600863490846	-0.01643600863491549	locked
behind	0	18.683563991365087	18.699999999999996	2	none	1	-0.01643600863490846	-0.016436008634913735	locked
behind	0	18.78356399136509	18.799999999999997	2	none	1	-0.01643600863490846	-0.016436008634912416	locked
behind	0	18.88356399136509	18.9	2	none	1	-0.01643600863490846	-0.016436008634911427	locked
behind	0	18.98356399136509	19	2	none	1	-0.01643600863490846	-0.016436008634910685	locked
behind	0	19.083563991365093	19.1	2	none	1	-0.01643600863490846	-0.01643600863491013	locked
behind	0	19.183563991365094	19.200000000000003	2	none	1	-0.01643600863490846	-0.016436008634909714	locked
behind	0	19.283563991365096	19.300000000000004	2	none	1	-0.01643600863490846	-0.0164360086349094	locked
behind	0	19.383563991365097	19.400000000000006	2	none	1	-0.01643600863490846	-0.016436008634909165	locked
behind	0	19.4835639913651	19.500000000000007	2	none	1	-0.01643600863490846	-0.01643600863490899	locked
behind	0	19.5835639913651	19.60000000000001	2	none	1	-0.01643600863490846	-0.016436008634908857	locked
behind	0	19.6835639913651	19.70000000000001	2	none	1	-0.01643600863490846	-0.01643600863490876	locked
behind	0	19.783563991365103	19.80000000000001	2	none	1	-0.01643600863490846	-0.016436008634908683	locked
behind	0	19.883563991365104	19.900000000000013	2	none	1	-0.01643600863490846	-0.016436008634908628	locked
behind	0	19.983563991365106	20.000000000000014	2	none	1	-0.01643600863490846	-0.016436008634908586	locked
behind	0	20.083563991365107	20.100000000000016	2	none	1	-0.01643600863490846	-0.016436008634908555	locked
behind	0	20.18356399136511	20.200000000000017	2	none	1	-0.01643600863490846	-0.01643600863490853	locked
behind	0	20.28356399136511	20.30000000000002	2	none	1	-0.01643600863490846	-0.016436008634908513	locked
behind	0	20.38356399136511	20.40000000000002	2	none	1	-0.01643600863490846	-0.0164360086349085	locked
behind	0	20.483563991365113	20.50000000000002	2	none	1	-0.01643600863490846	-0.01643600863490849	locked
behind	0	20.583563991365114	20.600000000000023	2	none	1	-0.01643600863490846	-0.016436008634908482	locked
behind	0	20.683563991365116	20.700000000000024	2	none	1	-0.01643600863490846	-0.016436008634908475	locked
behind	0	20.783563991365117	20.800000000000026	2	none	1	-0.01643600863490846	-0.01643600863490847	locked
behind	0	20.88356399136512	20.900000000000027	2	none	1	-0.01643600863490846	-0.016436008634908468	locked
behind	0	20.98356399136512	21.00000000000003	2	none	1	-0.01643600863490846	-0.016436008634908468	locked
behind	0	21.08356399136512	21.10000000000003	2	none	1	-0.01643600863490846	-0.016436008634908468	locked
behind	0	21.183563991365123	21.20000000000003	2	none	1	-0.01643600863490846	-0.016436008634908468	locked
behind	0	21.283563991365124	21.300000000000033	2	none	1	-0.01643600863490846	-0.016436008634908468	locked
behind	0	21.383563991365126	21.400000000000034	2	none	1	-0.01643600863490846	-0.016436008634908468	locked
behind	0	21.483563991365127	21.500000000000036	2	none	1	-0.01643600863490846	-0.016436008634908468	locked
behind	0	21.58356399136513	21.600000000000037	2	none	1	-0.01643600863490846	-0.016436008634908468	locked
behind	0	21.68356399136513	21.70000000000004	2	none	1	-0.01643600863490846	-0.016436008634908468	locked
behind	0	21.78356399136513	21.80000000000004	2	none	1	-0.01643600863490846	-0.016436008634908468	locked
behind	0	21.883563991365133	21.90000000000004	2	none	1	-0.01643600863490846	-0.016436008634908468	locked
behind	0	21.983563991365134	22.000000000000043	2	none	1	-0.01643600863490846	-0.016436008634908468	locked
behind	0	22.083563991365136	22.100000000000044	2	none	1	-0.01643600863490846	-0.016436008634908468	locked
behind	0	22.183563991365137	22.200000000000045	2	none	1	-0.01643600863490846	-0.016436008634908468	locked
behind	0	22.28356399136514	22.300000000000047	2	none	1	-0.01643600863490846	-0.016436008634908468	locked
behind	0	22.38356399136514	22.40000000000005	2	none	1	-0.01643600863490846	-0.016436008634908468	locked
behind	0	22.48356399136514	22.50000000000005	2	none	1	-0.01643600863490846	-0.016436008634908468	locked
behind	0	22.583563991365143	22.60000000000005	2	none	1	-0.01643600863490846	-0.016436008634908468	locked
behind	0	22.683563991365144	22.700000000000053	2	none	1	-0.01643600863490846	-0.016436008634908468	locked
behind	0	22.783563991365146	22.800000000000054	2	none	1	-0.01643600863490846	-0.016436008634908468	locked
behind	0	22.883563991365147	22.900000000000055	2	none	1	-0.01643600863490846	-0.016436008634908468	locked
behind	0	22.98356399136515	23.000000000000057	2	none	1	-0.01643600863490846	-0.016436008634908468	locked
behind	0	23.08356399136515	23.10000000000006	2	none	1	-0.01643600863490846	-0.016436008634908468	locked
behind	0	23.18356399136515	23.20000000000006	2	none	1	-0.01643600863490846	-0.016436008634908468	locked
behind	0	23.283563991365153	23.30000000000006	2	none	1	-0.01643600863490846	-0.016436008634908468	locked
behind	0	23.383563991365154	23.400000000000063	2	none	1	-0.01643600863490846	-0.016436008634908468	locked
behind	0	23.483563991365155	23.500000000000064	2	none	1	-0.01643600863490846	-0.016436008634908468	locked
behind	0	23.583563991365157	23.600000000000065	2	none	1	-0.01643600863490846	-0.016436008634908468	locked
behind	0	23.68356399136516	23.700000000000067	2	none	1	-0.01643600863490846	-0.016436008634908468	locked
behind	0	23.78356399136516	23.800000000000068	2	none	1	-0.01643600863490846	-0.016436008634908468	locked
behind	0	23.88356399136516	23.90000000000007	2	none	1	-0.01643600863490846	-0.016436008634908468	locked
behind	0	23.983563991365163	24.00000000000007	2	none	1	-0.01643600863490846	-0.016436008634908468	locked
behind	0	24.083563991365164	24.100000000000072	2	none	1	-0.01643600863490846	-0.016436008634908468	locked
behind	0	24.183563991365165	24.200000000000074	2	none	1	-0.01643600863490846	-0.016436008634908468	locked
behind	0	24.283563991365167	24.300000000000075	2	none	1	-0.01643600863490846	-0.016436008634908468	locked
behind	0	24.38356399136517	24.400000000000077	2	none	1	-0.01643600863490846	-0.016436008634908468	locked
behind	0	24.48356399136517	24.500000000000078	2	none	1	-0.01643600863490846	-0.016436008634908468	locked
behind	0	24.58356399136517	24.60000000000008	2	none	1	-0.01643600863490846	-0.016436008634908468	locked
behind	0	24.683563991365173	24.70000000000008	2	none	1	-0.01643600863490846	-0.016436008634908468	locked
behind	0	24.783563991365174	24.800000000000082	2	none	1	-0.01643600863490846	-0.016436008634908468	locked
behind	0	24.883563991365175	24.900000000000084	2	none	1	-0.01643600863490846	-0.016436008634908468	locked
behind	0	24.983563991365177	25.000000000000085	2	none	1	-0.01643600863490846	-0.016436008634908468	locked
behind	0	25.08356399136518	25.100000000000087	2	none	1	-0.01643600863490846	-0.016436008634908468	locked
behind	0	25.18356399136518	25.200000000000088	2	none	1	-0.01643600863490846	-0.016436008634908468	locked
behind	0	25.28356399136518	25.30000000000009	2	none	1	-0.01643600863490846	-0.016436008634908468	locked
behind	0	25.383563991365182	25.40000000000009	2	none	1	-0.01643600863490846	-0.016436008634908468	locked
behind	0	25.483563991365184	25.500000000000092	2	none	1	-0.01643600863490846	-0.016436008634908468	locked
behind	0	25.583563991365185	25.600000000000094	2	none	1	-0.01643600863490846	-0.016436008634908468	locked
behind	0	25.683563991365187	25.700000000000095	2	none	1	-0.01643600863490846	-0.016436008634908468	locked
behind	0	25.783563991365188	25.800000000000097	2	none	1	-0.01643600863490846	-0.016436008634908468	locked
behind	0	25.88356399136519	25.900000000000098	2	none	1	-0.01643600863490846	-0.016436008634908468	locked
behind	0	25.98356399136519	26.0000000000001	2	none	1	-0.01643600863490846	-0.016436008634908468	locked
behind	0	26.083563991365192	26.1000000000001	2	none	1	-0.01643600863490846	-0.016436008634908468	locked
behind	0	26.183563991365194	26.200000000000102	2	none	1	-0.01643600863490846	-0.016436008634908468	locked
behind	0	26.283563991365195	26.300000000000104	2	none	1	-0.01643600863490846	-0.016436008634908468	locked
behind	0	26.383563991365197	26.400000000000105	2	none	1	-0.01643600863490846	-0.016436008634908468	locked
behind	0	26.483563991365198	26.500000000000107	2	none	1	-0.01643600863490846	-0.016436008634908468	locked
behind	0	26.5835639913652	26.600000000000108	2	none	1	-0.01643600863490846	-0.016436008634908468	locked
behind	0	26.6835639913652	26.70000000000011	2	none	1	-0.01643600863490846	-0.016436008634908468	locked
behind	0	26.783563991365202	26.80000000000011	2	none	1	-0.01643600863490846	-0.016436008634908468	locked
behind	0	26.883563991365204	26.900000000000112	2	none	1	-0.01643600863490846	-0.016436008634908468	locked
behind	0	26.983563991365205	27.000000000000114	2	none	1	-0.01643600863490846	-0.016436008634908468	locked
behind	0	27.083563991365207	27.100000000000115	2	none	1	-0.01643600863490846	-0.016436008634908468	locked
behind	0	27.183563991365208	27.200000000000117	2	none	1	-0.01643600863490846	-0.016436008634908468	locked
behind	0	27.28356399136521	27.300000000000118	2	none	1	-0.01643600863490846	-0.016436008634908468	locked
behind	0	27.38356399136521	27.40000000000012	2	none	1	-0.01643600863490846	-0.016436008634908468	locked
behind	0	27.483563991365212	27.50000000000012	2	none	1	-0.01643600863490846	-0.016436008634908468	locked
behind	0	27.583563991365214	27.600000000000122	2	none	1	-0.01643600863490846	-0.016436008634908468	locked
behind	0	27.683563991365215	27.700000000000124	2	none	1	-0.01643600863490846	-0.016436008634908468	locked
behind	0	27.783563991365217	27.800000000000125	2	none	1	-0.01643600863490846	-0.016436008634908468	locked
behind	0	27.883563991365218	27.900000000000126	2	none	1	-0.01643600863490846	-0.016436008634908468	locked
behind	0	27.98356399136522	28.000000000000128	2	none	1	-0.01643600863490846	-0.016436008634908468	locked
behind	0	28.08356399136522	28.10000000000013	2	none	1	-0.01643600863490846	-0.016436008634908468	locked
behind	0	28.183563991365222	28.20000000000013	2	none	1	-0.01643600863490846	-0.016436008634908468	locked
behind	0	28.283563991365224	28.300000000000132	2	none	1	-0.01643600863490846	-0.016436008634908468	locked
behind	0	28.383563991365225	28.400000000000134	2	none	1	-0.01643600863490846	-0.016436008634908468	locked
behind	0	28.483563991365227	28.500000000000135	2	none	1	-0.01643600863490846	-0.016436008634908468	locked
behind	0	28.583563991365228	28.600000000000136	2	none	1	-0.01643600863490846	-0.016436008634908468	locked
behind	0	28.68356399136523	28.700000000000138	2	none	1	-0.01643600863490846	-0.016436008634908468	locked
behind	0	28.78356399136523	28.80000000000014	2	none	1	-0.01643600863490846	-0.016436008634908468	locked
behind	0	28.883563991365232	28.90000000000014	2	none	1	-0.01643600863490846	-0.016436008634908468	locked
behind	0	28.983563991365234	29.000000000000142	2	none	1	-0.01643600863490846	-0.016436008634908468	locked
behind	0	29.083563991365235	29.100000000000144	2	none	1	-0.01643600863490846	-0.016436008634908468	locked
behind	0	29.183563991365236	29.200000000000145	2	none	1	-0.01643600863490846	-0.016436008634908468	locked
behind	0	29.283563991365238	29.300000000000146	2	none	1	-0.01643600863490846	-0.016436008634908468	locked
behind	0	29.38356399136524	29.400000000000148	2	none	1	-0.01643600863490846	-0.016436008634908468	locked
behind	0	29.48356399136524	29.50000000000015	2	none	1	-0.01643600863490846	-0.016436008634908468	locked
behind	0	29.583563991365242	29.60000000000015	2	none	1	-0.01643600863490846	-0.016436008634908468	locked
behind	0	29.683563991365244	29.700000000000152	2	none	1	-0.01643600863490846	-0.016436008634908468	locked
behind	0	29.783563991365245	29.800000000000153	2	none	1	-0.01643600863490846	-0.016436008634908468	locked
behind	0	29.883563991365246	29.900000000000155	2	none	1	-0.01643600863490846	-0.016436008634908468	locked
behind	0	29.983563991365248	30.000000000000156	2	none	1	-0.01643600863490846	-0.016436008634908468	locked
behind	0	30.08356399136525	30.100000000000158	2	none	1	-0.01643600863490846	-0.016436008634908468	locked
behind	0	30.18356399136525	30.20000000000016	2	none	1	-0.01643600863490846	-0.016436008634908468	locked
behind	0	30.283563991365252	30.30000000000016	2	none	1	-0.01643600863490846	-0.016436008634908468	locked
behind	0	30.383563991365254	30.400000000000162	2	none	1	-0.01643600863490846	-0.016436008634908468	locked
behind	0	30.483563991365255	30.500000000000163	2	none	1	-0.01643600863490846	-0.016436008634908468	locked
behind	0	30.583563991365256	30.600000000000165	2	none	1	-0.01643600863490846	-0.016436008634908468	locked
behind	0	30.683563991365258	30.700000000000166	2	none	1	-0.01643600863490846	-0.016436008634908468	locked
behind	0	30.78356399136526	30.800000000000168	2	none	1	-0.01643600863490846	-0.016436008634908468	locked
behind	0	30.88356399136526	30.90000000000017	2	none	1	-0.01643600863490846	-0.016436008634908468	locked
behind	0	30.983563991365262	31.00000000000017	2	none	1	-0.01643600863490846	-0.016436008634908468	locked
behind	0	31.083563991365263	31.100000000000172	2	none	1	-0.01643600863490846	-0.016436008634908468	locked
behind	0	31.183563991365265	31.200000000000173	2	none	1	-0.01643600863490846	-0.016436008634908468	locked
behind	0	31.283563991365266	31.300000000000175	2	none	1	-0.01643600863490846	-0.016436008634908468	locked
behind	0	31.383563991365268	31.400000000000176	2	none	1	-0.01643600863490846	-0.016436008634908468	locked
behind	0	31.48356399136527	31.500000000000178	2	none	1	-0.01643600863490846	-0.016436008634908468	locked
behind	0	31.58356399136527	31.60000000000018	2	none	1	-0.01643600863490846	-0.016436008634908468	locked
behind	0	31.683563991365272	31.70000000000018	2	none	1	-0.01643600863490846	-0.016436008634908468	locked
behind	0	31.783563991365273	31.800000000000182	2	none	1	-0.01643600863490846	-0.016436008634908468	locked
behind	0	31.883563991365275	31.900000000000183	2	none	1	-0.01643600863490846	-0.016436008634908468	locked
behind	0	31.983563991365276	32.000000000000185	2	none	1	-0.01643600863490846	-0.016436008634908468	locked
behind	0	32.083563991365274	32.100000000000186	2	none	1	-0.016436008634912014	-0.016436008634909356	locked
behind	0	32.183563991365276	32.20000000000019	2	none	1	-0.016436008634912014	-0.016436008634910022	locked
behind	0	32.28356399136528	32.30000000000019	2	none	1	-0.016436008634912014	-0.016436008634910522	locked
behind	0	32.38356399136528	32.40000000000019	2	none	1	-0.016436008634912014	-0.016436008634910897	locked
behind	0	32.48356399136528	32.50000000000019	2	none	1	-0.016436008634912014	-0.016436008634911174	locked
behind	0	32.58356399136528	32.60000000000019	2	none	1	-0.016436008634912014	-0.016436008634911382	locked
behind	0	32.68356399136528	32.700000000000195	2	none	1	-0.016436008634912014	-0.016436008634911542	locked
behind	0	32.783563991365284	32.800000000000196	2	none	1	-0.016436008634912014	-0.01643600863491166	locked
behind	0	32.883563991365286	32.9000000000002	2	none	1	-0.016436008634912014	-0.01643600863491175	locked
behind	0	32.98356399136529	33.0000000000002	2	none	1	-0.016436008634912014	-0.016436008634911816	locked
behind	0	33.08356399136529	33.1000000000002	2	none	1	-0.016436008634912014	-0.016436008634911865	locked
behind	0	33.18356399136529	33.2000000000002	2	none	1	-0.016436008634912014	-0.016436008634911903	locked
behind	0	33.28356399136529	33.3000000000002	2	none	1	-0.016436008634912014	-0.01643600863491193	locked
behind	0	33.38356399136529	33.400000000000205	2	none	1	-0.016436008634912014	-0.01643600863491195	locked
behind	0	33.483563991365294	33.500000000000206	2	none	1	-0.016436008634912014	-0.016436008634911965	locked
behind	0	33.583563991365295	33.60000000000021	2	none	1	-0.016436008634912014	-0.01643600863491198	locked
behind	0	33.6835639913653	33.70000000000021	2	none	1	-0.016436008634912014	-0.016436008634911986	locked
behind	0	33.7835639913653	33.80000000000021	2	none	1	-0.016436008634912014	-0.016436008634911993	locked
behind	0	33.8835639913653	33.90000000000021	2	none	1	-0.016436008634912014	-0.016436008634912	locked
behind	0	33.9835639913653	34.00000000000021	2	none	1	-0.016436008634912014	-0.016436008634912003	locked
behind	0	34.0835639913653	34.100000000000215	2	none	1	-0.016436008634912014	-0.016436008634912007	locked
behind	0	34.183563991365304	34.200000000000216	2	none	1	-0.016436008634912014	-0.016436008634912007	locked
behind	0	34.283563991365305	34.30000000000022	2	none	1	-0.016436008634912014	-0.016436008634912007	locked
behind	0	34.38356399136531	34.40000000000022	2	none	1	-0.016436008634912014	-0.016436008634912007	locked
behind	0	34.48356399136531	34.50000000000022	2	none	1	-0.016436008634912014	-0.016436008634912007	locked
behind	0	34.58356399136531	34.60000000000022	2	none	1	-0.016436008634912014	-0.016436008634912007	locked
behind	0	34.68356399136531	34.70000000000022	2	none	1	-0.016436008634912014	-0.016436008634912007	locked
behind	0	34.78356399136531	34.800000000000225	2	none	1	-0.016436008634912014	-0.016436008634912007	locked
behind	0	34.883563991365314	34.900000000000226	2	none	1	-0.016436008634912014	-0.016436008634912007	locked
behind	0	34.983563991365315	35.00000000000023	2	none	1	-0.016436008634912014	-0.016436008634912007	locked
behind	0	35.08356399136532	35.10000000000023	2	none	1	-0.016436008634912014	-0.016436008634912007	locked
behind	0	35.18356399136532	35.20000000000023	2	none	1	-0.016436008634912014	-0.016436008634912007	locked
behind	0	35.28356399136532	35.30000000000023	2	none	1	-0.016436008634912014	-0.016436008634912007	locked
behind	0	35.38356399136532	35.40000000000023	2	none	1	-0.016436008634912014	-0.016436008634912007	locked
behind	0	35.48356399136532	35.500000000000234	2	none	1	-0.016436008634912014	-0.016436008634912007	locked
behind	0	35.583563991365324	35.600000000000236	2	none	1	-0.016436008634912014	-0.016436008634912007	locked
behind	0	35.683563991365325	35.70000000000024	2	none	1	-0.016436008634912014	-0.016436008634912007	locked
behind	0	35.78356399136533	35.80000000000024	2	none	1	-0.016436008634912014	-0.016436008634912007	locked
behind	0	35.88356399136533	35.90000000000024	2	none	1	-0.016436008634912014	-0.016436008634912007	locked
behind	0	35.98356399136533	36.00000000000024	2	none	1	-0.016436008634912014	-0.016436008634912007	locked
behind	0	36.08356399136533	36.10000000000024	2	none	1	-0.016436008634912014	-0.016436008634912007	locked
behind	0	36.18356399136533	36.200000000000244	2	none	1	-0.016436008634912014	-0.016436008634912007	locked
behind	0	36.283563991365334	36.300000000000246	2	none	1	-0.016436008634912014	-0.016436008634912007	locked
behind	0	36.383563991365335	36.40000000000025	2	none	1	-0.016436008634912014	-0.016436008634912007	locked
behind	0	36.48356399136534	36.50000000000025	2	none	1	-0.016436008634912014	-0.016436008634912007	locked
behind	0	36.58356399136534	36.60000000000025	2	none	1	-0.016436008634912014	-0.016436008634912007	locked
behind	0	36.68356399136534	36.70000000000025	2	none	1	-0.016436008634912014	-0.016436008634912007	locked
behind	0	36.78356399136534	36.80000000000025	2	none	1	-0.016436008634912014	-0.016436008634912007	locked
behind	0	36.88356399136534	36.900000000000254	2	none	1	-0.016436008634912014	-0.016436008634912007	locked
behind	0	36.983563991365344	37.000000000000256	2	none	1	-0.016436008634912014	-0.016436008634912007	locked
behind	0	37.083563991365345	37.10000000000026	2	none	1	-0.016436008634912014	-0.016436008634912007	locked
behind	0	37.18356399136535	37.20000000000026	2	none	1	-0.016436008634912014	-0.016436008634912007	locked
behind	0	37.28356399136535	37.30000000000026	2	none	1	-0.016436008634912014	-0.016436008634912007	locked
behind	0	37.38356399136535	37.40000000000026	2	none	1	-0.016436008634912014	-0.016436008634912007	locked
behind	0	37.48356399136535	37.50000000000026	2	none	1	-0.016436008634912014	-0.016436008634912007	locked
behind	0	37.58356399136535	37.600000000000264	2	none	1	-0.016436008634912014	-0.016436008634912007	locked
behind	0	37.683563991365354	37.700000000000266	2	none	1	-0.016436008634912014	-0.016436008634912007	locked
behind	0	37.783563991365355	37.80000000000027	2	none	1	-0.016436008634912014	-0.016436008634912007	locked
behind	0	37.88356399136536	37.90000000000027	2	none	1	-0.016436008634912014	-0.016436008634912007	locked
behind	0	37.98356399136536	38.00000000000027	2	none	1	-0.016436008634912014	-0.016436008634912007	locked
behind	0	38.08356399136536	38.10000000000027	2	none	1	-0.016436008634912014	-0.016436008634912007	locked
behind	0	38.18356399136536	38.20000000000027	2	none	1	-0.016436008634912014	-0.016436008634912007	locked
behind	0	38.28356399136536	38.300000000000274	2	none	1	-0.016436008634912014	-0.016436008634912007	locked
behind	0	38.383563991365364	38.400000000000276	2	none	1	-0.016436008634912014	-0.016436008634912007	locked
behind	0	38.483563991365365	38.50000000000028	2	none	1	-0.016436008634912014	-0.016436008634912007	locked
behind	0	38.58356399136537	38.60000000000028	2	none	1	-0.016436008634912014	-0.016436008634912007	locked
behind	0	38.68356399136537	38.70000000000028	2	none	1	-0.016436008634912014	-0.016436008634912007	locked
behind	0	38.78356399136537	38.80000000000028	2	none	1	-0.016436008634912014	-0.016436008634912007	locked
behind	0	38.88356399136537	38.90000000000028	2	none	1	-0.016436008634912014	-0.016436008634912007	locked
behind	0	38.98356399136537	39.000000000000284	2	none	1	-0.016436008634912014	-0.016436008634912007	locked
behind	0	39.083563991365374	39.100000000000286	2	none	1	-0.016436008634912014	-0.016436008634912007	locked
behind	0	39.183563991365375	39.20000000000029	2	none	1	-0.016436008634912014	-0.016436008634912007	locked
behind	0	39.28356399136538	39.30000000000029	2	none	1	-0.016436008634912014	-0.016436008634912007	locked
behind	0	39.38356399136538	39.40000000000029	2	none	1	-0.016436008634912014	-0.016436008634912007	locked
behind	0	39.48356399136538	39.50000000000029	2	none	1	-0.016436008634912014	-0.016436008634912007	locked
behind	0	39.58356399136538	39.60000000000029	2	none	1	-0.016436008634912014	-0.016436008634912007	locked
behind	0	39.68356399136538	39.700000000000294	2	none	1	-0.016436008634912014	-0.016436008634912007	locked
behind	0	39.783563991365384	39.800000000000296	2	none	1	-0.016436008634912014	-0.016436008634912007	locked
behind	0	39.883563991365385	39.9000000000003	2	none	1	-0.016436008634912014	-0.016436008634912007	locked
behind	0	39.983563991365386	40.0000000000003	2	none	1	-0.016436008634912014	-0.016436008634912007	locked
behind	0	40.08356399136539	40.1000000000003	2	none	1	-0.016436008634912014	-0.016436008634912007	locked
behind	0	40.18356399136539	40.2000000000003	2	none	1	-0.016436008634912014	-0.016436008634912007	locked
ahead	1	0	-0.3	2	rate	0.95	0.3	0.3	correcting
ahead	0	0.1	-0.19999999999999998	2	none	0.95	0.3	0.3	correcting
ahead	0	0.195	-0.09999999999999998	2	none	0.95	0.295	0.29874999999999996	correcting
ahead	0	0.29000000000000004	2.7755575615628914e-17	2	none	0.95	0.29000000000000004	0.29656249999999995	correcting
ahead	0	0.385	0.10000000000000003	2	none	0.95	0.285	0.29367187499999997	correcting
ahead	0	0.48	0.20000000000000004	2	none	0.95	0.2799999999999999	0.2902539062499999	correcting
ahead	0	0.575	0.30000000000000004	2	none	0.95	0.2749999999999999	0.28644042968749994	correcting
ahead	0	0.6699999999999999	0.4	2	none	0.95	0.2699999999999999	0.28233032226562493	correcting
ahead	0	0.7649999999999999	0.5	2	none	0.95	0.2649999999999999	0.27799774169921865	correcting
ahead	0	0.8599999999999999	0.6	2	none	0.95	0.2599999999999999	0.27349830627441396	correcting
ahead	0	0.9549999999999998	0.7	2	none	0.95	0.2549999999999999	0.26887372970581047	correcting
ahead	0	1.0499999999999998	0.7999999999999999	2	none	0.95	0.2499999999999999	0.2641552972793578	correcting
ahead	0	1.1449999999999998	0.8999999999999999	2	none	0.95	0.24499999999999988	0.2593664729595183	correcting
ahead	0	1.2399999999999998	0.9999999999999999	2	none	0.95	0.23999999999999988	0.2545248547196387	correcting
ahead	0	1.3349999999999997	1.0999999999999999	2	none	0.95	0.23499999999999988	0.249643641039729	correcting
ahead	0	1.4299999999999997	1.2	2	none	0.95	0.22999999999999976	0.24473273077979668	correcting
ahead	0	1.5249999999999997	1.3	2	none	0.95	0.22499999999999964	0.23979954808484744	correcting
ahead	0	1.6199999999999997	1.4000000000000001	2	none	0.95	0.21999999999999953	0.23484966106363547	correcting
ahead	0	1.7149999999999996	1.5000000000000002	2	none	0.95	0.2149999999999994	0.22988724579772646	correcting
ahead	0	1.8099999999999996	1.6000000000000003	2	none	0.95	0.2099999999999993	0.22491543434829467	correcting
ahead	0	1.9049999999999996	1.7000000000000004	2	none	0.95	0.20499999999999918	0.2199365757612208	correcting
ahead	0	1.9999999999999996	1.8000000000000005	2	none	0.95	0.19999999999999907	0.21495243182091536	correcting
ahead	0	2.0949999999999998	1.9000000000000006	2	none	0.95	0.19499999999999917	0.2099643238656863	correcting
ahead	0	2.19	2.0000000000000004	2	none	0.95	0.1899999999999995	0.2049732428992646	correcting
ahead	0	2.285	2.1000000000000005	2	none	0.95	0.1849999999999996	0.19997993217444837	correcting
ahead	0	2.3800000000000003	2.2000000000000006	2	none	0.95	0.17999999999999972	0.1949849491308362	correcting
ahead	0	2.4750000000000005	2.3000000000000007	2	none	0.95	0.17499999999999982	0.1899887118481271	correcting
ahead	0	2.5700000000000007	2.400000000000001	2	none	0.95	0.16999999999999993	0.1849915338860953	correcting
ahead	0	2.665000000000001	2.500000000000001	2	none	0.95	0.16500000000000004	0.1799936504145715	correcting
ahead	0	2.760000000000001	2.600000000000001	2	none	0.95	0.16000000000000014	0.17499523781092866	correcting
ahead	0	2.8550000000000013	2.700000000000001	2	none	0.95	0.15500000000000025	0.16999642835819656	correcting
ahead	0	2.9500000000000015	2.800000000000001	2	none	0.95	0.15000000000000036	0.16499732126864752	correcting
ahead	0	3.0450000000000017	2.9000000000000012	2	rate	0.9525006696828381	0.14500000000000046	0.15999799095148576	correcting
ahead	0	3.140000000000002	3.0000000000000013	2	none	0.9525006696828381	0.14000000000000057	0.15499849321361447	correcting
ahead	0	3.2352500669682858	3.1000000000000014	2	rate	0.9555211263195749	0.13525006696828434	0.15006138665228194	correcting
ahead	0	3.3305001339365696	3.2000000000000015	2	none	0.9555211263195749	0.13050013393656812	0.14517107347335348	correcting
ahead	0	3.4260522465685272	3.3000000000000016	2	rate	0.9583920796803341	0.12605224656852565	0.14039136674714653	correcting
ahead	0	3.521604359200485	3.4000000000000017	2	none	0.9583920796803341	0.12160435920048318	0.13569461486048068	correcting
ahead	0	3.617443567168518	3.5000000000000018	2	rate	0.9611436397247979	0.11744356716851634	0.13113185293748958	correcting
ahead	0	3.7132827751365514	3.600000000000002	2	none	0.9611436397247979	0.1132827751365495	0.12666958348725454	correcting
ahead	0	3.809397139109031	3.700000000000002	2	rate	0.9637494179012075	0.10939713910902915	0.1223514723926982	correcting
ahead	0	3.905511503081511	3.800000000000002	2	none	0.9637494179012075	0.1055115030815088	0.11814148006490086	correcting
ahead	0	4.001886444871632	3.900000000000002	2	rate	0.9662033274893315	0.10188644487162968	0.11407772126658305	correcting
ahead	0	4.098261386661752	4.000000000000002	2	none	0.9662033274893315	0.09826138666175055	0.11012363761537493	correcting
ahead	0	4.194881719410685	4.100000000000001	2	rate	0.9685052257715105	0.0948817194106839	0.10631315806420218	correcting
ahead	0	4.291502052159618	4.200000000000001	2	none	0.9685052257715105	0.09150205215961726	0.10261038158805595	correcting
ahead	0	4.3883525747367695	4.300000000000001	2	rate	0.9706590803682457	0.08835257473676883	0.09904592987523417	correcting
ahead	0	4.485203097313921	4.4	2	none	0.9706590803682457	0.0852030973139204	0.09558522173490572	correcting
ahead	0	4.582269005350746	4.5	2	rate	0.9726710514107494	0.08226900535074577	0.09225616763886574	correcting
ahead	0	4.679334913387571	4.6	2	none	0.9726710514107494	0.07933491338757115	0.08902585407604209	correcting
ahead	0	4.776602018528646	4.699999999999999	2	none	0.9726710514107494	0.07660201852864645	0.08591989518919319	correcting
ahead	0	4.873869123669721	4.799999999999999	2	rate	0.9755526432323042	0.07386912366972176	0.08290720230932533	correcting
ahead	0	4.971136228810796	4.899999999999999	2	none	0.9755526432323042	0.07113622881079706	0.07996445893469326	correcting
ahead	0	5.068691493134026	4.999999999999998	2	none	0.9755526432323042	0.06869149313402811	0.07714621748452696	correcting
ahead	0	5.166246757457257	5.099999999999998	2	rate	0.9780450741303278	0.06624675745725916	0.07442135247771	correcting
ahead	0	5.263802021780488	5.1999999999999975	2	none	0.9780450741303278	0.06380202178049021	0.07176651980340507	correcting
ahead	0	5.36160652919352	5.299999999999997	2	none	0.9780450741303278	0.06160652919352305	0.06922652215093456	correcting
ahead	0	5.459411036606553	5.399999999999997	2	rate	0.9803038577631817	0.05941103660655589	0.06677265076483989	correcting
ahead	0	5.557215544019585	5.4999999999999964	2	none	0.9803038577631817	0.05721554401958873	0.0643833740785271	correcting
ahead	0	5.655245929795903	5.599999999999996	2	none	0.9803038577631817	0.055245929795907145	0.06209901300787211	correcting
ahead	0	5.753276315572221	5.699999999999996	2	rate	0.9823334370446419	0.05327631557222556	0.05989333864896047	correcting
ahead	0	5.851306701348539	5.799999999999995	2	none	0.9823334370446419	0.05130670134854398	0.057746679323856354	correcting
ahead	0	5.949540045053004	5.899999999999995	2	none	0.9823334370446419	0.0495400450530088	0.055695020756144464	correcting
ahead	0	6.047773388757468	5.999999999999995	2	none	0.9823334370446419	0.04777338875747361	0.05371461275647675	correcting
ahead	0	6.146006732461933	6.099999999999994	2	rate	0.9847985514505111	0.04600673246193843	0.05178764268284217	correcting
ahead	0	6.244240076166397	6.199999999999994	2	none	0.9847985514505111	0.04424007616640324	0.049900751053732435	correcting
ahead	0	6.342719931311448	6.299999999999994	2	none	0.9847985514505111	0.04271993131145457	0.04810554611816297	correcting
ahead	0	6.441199786456499	6.399999999999993	2	none	0.9847985514505111	0.041199786456505905	0.0463791062027487	correcting
ahead	0	6.53967964160155	6.499999999999993	2	rate	0.9868720889799567	0.039679641601557236	0.044704240052450835	correcting
ahead	0	6.638159496746601	6.5999999999999925	2	none	0.9868720889799567	0.03815949674660857	0.04306805422599027	correcting
ahead	0	6.736846705644597	6.699999999999992	2	none	0.9868720889799567	0.03684670564460468	0.04151271708064387	correcting
ahead	0	6.835533914542593	6.799999999999992	2	none	0.9868720889799567	0.0355339145426008	0.040018016446133106	correcting
ahead	0	6.934221123440588	6.8999999999999915	2	none	0.9868720889799567	0.03422112344059691	0.038568793194749054	correcting
ahead	0	7.032908332338584	6.999999999999991	2	rate	0.9891470302921017	0.03290833233859303	0.03715367798071005	correcting
ahead	0	7.13159554123658	7.099999999999991	2	none	0.9891470302921017	0.03159554123658914	0.03576414379467982	correcting
ahead	0	7.2305102442657905	7.19999999999999	2	none	0.9891470302921017	0.03051024426580007	0.03445066891245988	correcting
ahead	0	7.329424947295001	7.29999999999999	2	none	0.9891470302921017	0.029424947295010995	0.03319423850809766	correcting
ahead	0	7.428339650324212	7.39999999999999	2	none	0.9891470302921017	0.02833965032422192	0.03198059146212873	correcting
ahead	0	7.527254353353422	7.499999999999989	2	none	0.9891470302921017	0.027254353353432847	0.030799031934954757	correcting
ahead	0	7.626169056382633	7.599999999999989	2	rate	0.9913856671169624	0.026169056382643774	0.02964153804687701	correcting
ahead	0	7.725083759411843	7.699999999999989	2	none	0.9913856671169624	0.0250837594118547	0.028502093388121433	correcting
ahead	0	7.8242223261235395	7.799999999999988	2	none	0.9913856671169624	0.02422232612355124	0.027432151571978886	correcting
ahead	0	7.923360892835236	7.899999999999988	2	none	0.9913856671169624	0.023360892835247782	0.02641433688779611	correcting
ahead	0	8.022499459546932	7.999999999999988	2	none	0.9913856671169624	0.022499459546944323	0.025435617552583164	correcting
ahead	0	8.121638026258628	8.099999999999987	2	none	0.9913856671169624	0.021638026258640863	0.024486219729097588	correcting
ahead	0	8.220776592970324	8.199999999999987	2	none	0.9913856671169624	0.020776592970337404	0.02355881303940754	correcting
ahead	0	8.31991515968202	8.299999999999986	2	rate	0.9934557056029997	0.019915159682033945	0.02264789970006414	correcting
ahead	0	8.419053726393717	8.399999999999986	2	none	0.9934557056029997	0.019053726393730486	0.021749356373480726	correcting
ahead	0	8.518399296954017	8.499999999999986	2	none	0.9934557056029997	0.01839929695403164	0.020911841518618454	correcting
ahead	0	8.617744867514318	8.599999999999985	2	none	0.9934557056029997	0.017744867514332796	0.02012009801754704	correcting
ahead	0	8.717090438074619	8.699999999999985	2	rate	1	0.01709043807463395	0.01936268303181877	locked
ahead	0	8.81643600863492	8.799999999999985	2	none	1	0.016436008634935106	0.018631014432597855	locked
ahead	0	8.91643600863492	8.899999999999984	2	none	1	0.016436008634935106	0.01808226298318217	locked
ahead	0	9.01643600863492	8.999999999999984	2	none	1	0.016436008634935106	0.017670699396120405	locked
ahead	0	9.116436008634919	9.099999999999984	2	none	1	0.016436008634935106	0.017362026705824082	locked
ahead	0	9.216436008634918	9.199999999999983	2	none	1	0.016436008634935106	0.01713052218810184	locked
ahead	0	9.316436008634918	9.299999999999983	2	none	1	0.016436008634935106	0.016956893799810156	locked
ahead	0	9.416436008634918	9.399999999999983	2	none	1	0.016436008634935106	0.016826672508591392	locked
ahead	0	9.516436008634917	9.499999999999982	2	none	1	0.016436008634935106	0.01672900654017732	locked
ahead	0	9.616436008634917	9.599999999999982	2	none	1	0.016436008634935106	0.016655757063866766	locked
ahead	0	9.716436008634917	9.699999999999982	2	none	1	0.016436008634935106	0.01660081995663385	locked
ahead	0	9.816436008634916	9.799999999999981	2	none	1	0.016436008634935106	0.016559617126209167	locked
ahead	0	9.916436008634916	9.89999999999998	2	none	1	0.016436008634935106	0.01652871500339065	locked
ahead	0	10.016436008634916	9.99999999999998	2	none	1	0.016436008634935106	0.016505538411276766	locked
ahead	0	10.116436008634915	10.09999999999998	2	none	1	0.016436008634935106	0.016488155967191352	locked
ahead	0	10.216436008634915	10.19999999999998	2	none	1	0.016436008634935106	0.01647511913412729	locked
ahead	0	10.316436008634915	10.29999999999998	2	none	1	0.016436008634935106	0.016465341509329243	locked
ahead	0	10.416436008634914	10.399999999999979	2	none	1	0.016436008634935106	0.01645800829073071	locked
ahead	0	10.516436008634914	10.499999999999979	2	none	1	0.016436008634935106	0.016452508376781808	locked
ahead	0	10.616436008634913	10.599999999999978	2	none	1	0.016436008634935106	0.016448383441320134	locked
ahead	0	10.716436008634913	10.699999999999978	2	none	1	0.016436008634935106	0.016445289739723878	locked
ahead	0	10.816436008634913	10.799999999999978	2	none	1	0.016436008634935106	0.016442969463526684	locked
ahead	0	10.916436008634912	10.899999999999977	2	none	1	0.016436008634935106	0.016441229256378788	locked
ahead	0	11.016436008634912	10.999999999999977	2	none	1	0.016436008634935106	0.01643992410101787	locked
ahead	0	11.116436008634912	11.099999999999977	2	none	1	0.016436008634935106	0.01643894523449718	locked
ahead	0	11.216436008634911	11.199999999999976	2	none	1	0.016436008634935106	0.01643821108460666	locked
ahead	0	11.316436008634911	11.299999999999976	2	none	1	0.016436008634935106	0.01643766047218877	locked
ahead	0	11.41643600863491	11.399999999999975	2	none	1	0.016436008634935106	0.016437247512875355	locked
ahead	0	11.51643600863491	11.499999999999975	2	none	1	0.016436008634935106	0.016436937793390293	locked
ahead	0	11.61643600863491	11.599999999999975	2	none	1	0.016436008634935106	0.016436705503776496	locked
ahead	0	11.71643600863491	11.699999999999974	2	none	1	0.016436008634935106	0.01643653128656615	locked
ahead	0	11.81643600863491	11.799999999999974	2	none	1	0.016436008634935106	0.01643640062365839	locked
ahead	0	11.916436008634909	11.899999999999974	2	none	1	0.016436008634935106	0.016436302626477568	locked
ahead	0	12.016436008634908	11.999999999999973	2	none	1	0.016436008634935106	0.016436229128591953	locked
ahead	0	12.116436008634908	12.099999999999973	2	none	1	0.016436008634935106	0.01643617400517774	locked
ahead	0	12.216436008634908	12.199999999999973	2	none	1	0.016436008634935106	0.016436132662617082	locked
ahead	0	12.316436008634907	12.299999999999972	2	none	1	0.016436008634935106	0.01643610165569659	locked
ahead	0	12.416436008634907	12.399999999999972	2	none	1	0.016436008634935106	0.01643607840050622	locked
ahead	0	12.516436008634907	12.499999999999972	2	none	1	0.016436008634935106	0.01643606095911344	locked
ahead	0	12.616436008634906	12.599999999999971	2	none	1	0.016436008634935106	0.016436047878068856	locked
ahead	0	12.716436008634906	12.69999999999997	2	none	1	0.016436008634935106	0.01643603806728542	locked
ahead	0	12.816436008634906	12.79999999999997	2	none	1	0.016436008634935106	0.016436030709197844	locked
ahead	0	12.916436008634905	12.89999999999997	2	none	1	0.016436008634935106	0.01643602519063216	locked
ahead	0	13.016436008634905	12.99999999999997	2	none	1	0.016436008634935106	0.016436021051707897	locked
ahead	0	13.116436008634905	13.09999999999997	2	none	1	0.016436008634935106	0.0164360179475147	locked
ahead	0	13.216436008634904	13.199999999999969	2	none	1	0.016436008634935106	0.0164360156193698	locked
ahead	0	13.316436008634904	13.299999999999969	2	none	1	0.016436008634935106	0.016436013873261126	locked
ahead	0	13.416436008634903	13.399999999999968	2	none	1	0.016436008634935106	0.01643601256367962	locked
ahead	0	13.516436008634903	13.499999999999968	2	none	1	0.016436008634935106	0.016436011581493493	locked
ahead	0	13.616436008634903	13.599999999999968	2	none	1	0.016436008634935106	0.016436010844853896	locked
ahead	0	13.716436008634902	13.699999999999967	2	none	1	0.016436008634935106	0.0164360102923742	locked
ahead	0	13.816436008634902	13.799999999999967	2	none	1	0.016436008634935106	0.016436009878014426	locked
ahead	0	13.916436008634902	13.899999999999967	2	none	1	0.016436008634935106	0.016436009567244596	locked
ahead	0	14.016436008634901	13.999999999999966	2	none	1	0.016436008634935106	0.016436009334167223	locked
ahead	0	14.116436008634901	14.099999999999966	2	none	1	0.016436008634935106	0.016436009159359194	locked
ahead	0	14.2164360086349	14.199999999999966	2	none	1	0.016436008634935106	0.016436009028253172	locked
ahead	0	14.3164360086349	14.299999999999965	2	none	1	0.016436008634935106	0.016436008929923654	locked
ahead	0	14.4164360086349	14.399999999999965	2	none	1	0.016436008634935106	0.016436008856176517	locked
ahead	0	14.5164360086349	14.499999999999964	2	none	1	0.016436008634935106	0.016436008800866164	locked
ahead	0	14.6164360086349	14.599999999999964	2	none	1	0.016436008634935106	0.0164360087593834	locked
ahead	0	14.716436008634899	14.699999999999964	2	none	1	0.016436008634935106	0.016436008728271327	locked
ahead	0	14.816436008634899	14.799999999999963	2	none	1	0.016436008634935106	0.01643600870493727	locked
ahead	0	14.916436008634898	14.899999999999963	2	none	1	0.016436008634935106	0.016436008687436728	locked
ahead	0	15.016436008634898	14.999999999999963	2	none	1	0.016436008634935106	0.016436008674311324	locked
ahead	0	15.116436008634897	15.099999999999962	2	none	1	0.016436008634935106	0.016436008664467268	locked
ahead	0	15.216436008634897	15.199999999999962	2	none	1	0.016436008634935106	0.01643600865708423	locked
ahead	0	15.316436008634897	15.299999999999962	2	none	1	0.016436008634935106	0.01643600865154695	locked
ahead	0	15.416436008634896	15.399999999999961	2	none	1	0.016436008634935106	0.016436008647393988	locked
ahead	0	15.516436008634896	15.499999999999961	2	none	1	0.016436008634935106	0.016436008644279267	locked
ahead	0	15.616436008634896	15.59999999999996	2	none	1	0.016436008634935106	0.016436008641943226	locked
ahead	0	15.716436008634895	15.69999999999996	2	none	1	0.016436008634935106	0.016436008640191197	locked
ahead	0	15.816436008634895	15.79999999999996	2	none	1	0.016436008634935106	0.016436008638877175	locked
ahead	0	15.916436008634895	15.89999999999996	2	none	1	0.016436008634935106	0.016436008637891658	locked
ahead	0	16.016436008634894	15.99999999999996	2	none	1	0.016436008634935106	0.01643600863715252	locked
ahead	0	16.116436008634896	16.09999999999996	2	none	1	0.016436008634936883	0.01643600863659861	locked
ahead	0	16.216436008634897	16.19999999999996	2	none	1	0.016436008634936883	0.016436008636183178	locked
ahead	0	16.3164360086349	16.29999999999996	2	none	1	0.016436008634936883	0.016436008635871604	locked
ahead	0	16.4164360086349	16.399999999999963	2	none	1	0.016436008634936883	0.016436008635637923	locked
ahead	0	16.5164360086349	16.499999999999964	2	none	1	0.016436008634936883	0.016436008635462664	locked
ahead	0	16.616436008634903	16.599999999999966	2	none	1	0.016436008634936883	0.01643600863533122	locked
ahead	0	16.716436008634904	16.699999999999967	2	none	1	0.016436008634936883	0.016436008635232636	locked
ahead	0	16.816436008634906	16.79999999999997	2	none	1	0.016436008634936883	0.0164360086351587	locked
ahead	0	16.916436008634907	16.89999999999997	2	none	1	0.016436008634936883	0.016436008635103243	locked
ahead	0	17.01643600863491	16.99999999999997	2	none	1	0.016436008634936883	0.01643600863506165	locked
ahead	0	17.11643600863491	17.099999999999973	2	none	1	0.016436008634936883	0.01643600863503046	locked
ahead	0	17.21643600863491	17.199999999999974	2	none	1	0.016436008634936883	0.016436008635007066	locked
ahead	0	17.316436008634913	17.299999999999976	2	none	1	0.016436008634936883	0.01643600863498952	locked
ahead	0	17.416436008634914	17.399999999999977	2	none	1	0.016436008634936883	0.01643600863497636	locked
ahead	0	17.516436008634916	17.49999999999998	2	none	1	0.016436008634936883	0.01643600863496649	locked
ahead	0	17.616436008634917	17.59999999999998	2	none	1	0.016436008634936883	0.016436008634959087	locked
ahead	0	17.71643600863492	17.69999999999998	2	none	1	0.016436008634936883	0.016436008634953536	locked
ahead	0	17.81643600863492	17.799999999999983	2	none	1	0.016436008634936883	0.016436008634949373	locked
ahead	0	17.91643600863492	17.899999999999984	2	none	1	0.016436008634936883	0.01643600863494625	locked
ahead	0	18.016436008634923	17.999999999999986	2	none	1	0.016436008634936883	0.01643600863494391	locked
ahead	0	18.116436008634924	18.099999999999987	2	none	1	0.016436008634936883	0.016436008634942153	locked
ahead	0	18.216436008634926	18.19999999999999	2	none	1	0.016436008634936883	0.016436008634940834	locked
ahead	0	18.316436008634927	18.29999999999999	2	none	1	0.016436008634936883	0.016436008634939846	locked
ahead	0	18.41643600863493	18.39999999999999	2	none	1	0.016436008634936883	0.016436008634939103	locked
ahead	0	18.51643600863493	18.499999999999993	2	none	1	0.016436008634936883	0.016436008634938548	locked
ahead	0	18.61643600863493	18.599999999999994	2	none	1	0.016436008634936883	0.016436008634938132	locked
ahead	0	18.716436008634933	18.699999999999996	2	none	1	0.016436008634936883	0.01643600863493782	locked
ahead	0	18.816436008634934	18.799999999999997	2	none	1	0.016436008634936883	0.016436008634937584	locked
ahead	0	18.916436008634935	18.9	2	none	1	0.016436008634936883	0.01643600863493741	locked
ahead	0	19.016436008634937	19	2	none	1	0.016436008634936883	0.01643600863493728	locked
ahead	0	19.11643600863494	19.1	2	none	1	0.016436008634936883	0.01643600863493718	locked
ahead	0	19.21643600863494	19.200000000000003	2	none	1	0.016436008634936883	0.016436008634937105	locked
ahead	0	19.31643600863494	19.300000000000004	2	none	1	0.016436008634936883	0.01643600863493705	locked
ahead	0	19.416436008634943	19.400000000000006	2	none	1	0.016436008634936883	0.016436008634937008	locked
ahead	0	19.516436008634944	19.500000000000007	2	none	1	0.016436008634936883	0.016436008634936976	locked
ahead	0	19.616436008634945	19.60000000000001	2	none	1	0.016436008634936883	0.016436008634936952	locked
ahead	0	19.716436008634947	19.70000000000001	2	none	1	0.016436008634936883	0.016436008634936935	locked
ahead	0	19.81643600863495	19.80000000000001	2	none	1	0.016436008634936883	0.01643600863493692	locked
ahead	0	19.91643600863495	19.900000000000013	2	none	1	0.016436008634936883	0.01643600863493691	locked
ahead	0	20.01643600863495	20.000000000000014	2	none	1	0.016436008634936883	0.016436008634936904	locked
ahead	0	20.116436008634953	20.100000000000016	2	none	1	0.016436008634936883	0.016436008634936897	locked
ahead	0	20.216436008634954	20.200000000000017	2	none	1	0.016436008634936883	0.016436008634936893	locked
ahead	0	20.316436008634955	20.30000000000002	2	none	1	0.016436008634936883	0.01643600863493689	locked
ahead	0	20.416436008634957	20.40000000000002	2	none	1	0.016436008634936883	0.01643600863493689	locked
ahead	0	20.516436008634958	20.50000000000002	2	none	1	0.016436008634936883	0.01643600863493689	locked
ahead	0	20.61643600863496	20.600000000000023	2	none	1	0.016436008634936883	0.01643600863493689	locked
ahead	0	20.71643600863496	20.700000000000024	2	none	1	0.016436008634936883	0.01643600863493689	locked
ahead	0	20.816436008634962	20.800000000000026	2	none	1	0.016436008634936883	0.01643600863493689	locked
ahead	0	20.916436008634964	20.900000000000027	2	none	1	0.016436008634936883	0.01643600863493689	locked
ahead	0	21.016436008634965	21.00000000000003	2	none	1	0.016436008634936883	0.01643600863493689	locked
ahead	0	21.116436008634967	21.10000000000003	2	none	1	0.016436008634936883	0.01643600863493689	locked
ahead	0	21.216436008634968	21.20000000000003	2	none	1	0.016436008634936883	0.01643600863493689	locked
ahead	0	21.31643600863497	21.300000000000033	2	none	1	0.016436008634936883	0.01643600863493689	locked
ahead	0	21.41643600863497	21.400000000000034	2	none	1	0.016436008634936883	0.01643600863493689	locked
ahead	0	21.516436008634972	21.500000000000036	2	none	1	0.016436008634936883	0.01643600863493689	locked
ahead	0	21.616436008634974	21.600000000000037	2	none	1	0.016436008634936883	0.01643600863493689	locked
ahead	0	21.716436008634975	21.70000000000004	2	none	1	0.016436008634936883	0.01643600863493689	locked
ahead	0	21.816436008634977	21.80000000000004	2	none	1	0.016436008634936883	0.01643600863493689	locked
ahead	0	21.916436008634978	21.90000000000004	2	none	1	0.016436008634936883	0.01643600863493689	locked
ahead	0	22.01643600863498	22.000000000000043	2	none	1	0.016436008634936883	0.01643600863493689	locked
ahead	0	22.11643600863498	22.100000000000044	2	none	1	0.016436008634936883	0.01643600863493689	locked
ahead	0	22.216436008634982	22.200000000000045	2	none	1	0.016436008634936883	0.01643600863493689	locked
ahead	0	22.316436008634984	22.300000000000047	2	none	1	0.016436008634936883	0.01643600863493689	locked
ahead	0	22.416436008634985	22.40000000000005	2	none	1	0.016436008634936883	0.01643600863493689	locked
ahead	0	22.516436008634987	22.50000000000005	2	none	1	0.016436008634936883	0.01643600863493689	locked
ahead	0	22.616436008634988	22.60000000000005	2	none	1	0.016436008634936883	0.01643600863493689	locked
ahead	0	22.71643600863499	22.700000000000053	2	none	1	0.016436008634936883	0.01643600863493689	locked
ahead	0	22.81643600863499	22.800000000000054	2	none	1	0.016436008634936883	0.01643600863493689	locked
ahead	0	22.916436008634992	22.900000000000055	2	none	1	0.016436008634936883	0.01643600863493689	locked
ahead	0	23.016436008634994	23.000000000000057	2	none	1	0.016436008634936883	0.01643600863493689	locked
ahead	0	23.116436008634995	23.10000000000006	2	none	1	0.016436008634936883	0.01643600863493689	locked
ahead	0	23.216436008634997	23.20000000000006	2	none	1	0.016436008634936883	0.01643600863493689	locked
ahead	0	23.316436008634998	23.30000000000006	2	none	1	0.016436008634936883	0.01643600863493689	locked
ahead	0	23.416436008635	23.400000000000063	2	none	1	0.016436008634936883	0.01643600863493689	locked
ahead	0	23.516436008635	23.500000000000064	2	none	1	0.016436008634936883	0.01643600863493689	locked
ahead	0	23.616436008635002	23.600000000000065	2	none	1	0.016436008634936883	0.01643600863493689	locked
ahead	0	23.716436008635004	23.700000000000067	2	none	1	0.016436008634936883	0.01643600863493689	locked
ahead	0	23.816436008635005	23.800000000000068	2	none	1	0.016436008634936883	0.01643600863493689	locked
ahead	0	23.916436008635007	23.90000000000007	2	none	1	0.016436008634936883	0.01643600863493689	locked
ahead	0	24.016436008635008	24.00000000000007	2	none	1	0.016436008634936883	0.01643600863493689	locked
ahead	0	24.11643600863501	24.100000000000072	2	none	1	0.016436008634936883	0.01643600863493689	locked
ahead	0	24.21643600863501	24.200000000000074	2	none	1	0.016436008634936883	0.01643600863493689	locked
ahead	0	24.316436008635012	24.300000000000075	2	none	1	0.016436008634936883	0.01643600863493689	locked
ahead	0	24.416436008635014	24.400000000000077	2	none	1	0.016436008634936883	0.01643600863493689	locked
ahead	0	24.516436008635015	24.500000000000078	2	none	1	0.016436008634936883	0.01643600863493689	locked
ahead	0	24.616436008635016	24.60000000000008	2	none	1	0.016436008634936883	0.01643600863493689	locked
ahead	0	24.716436008635018	24.70000000000008	2	none	1	0.016436008634936883	0.01643600863493689	locked
ahead	0	24.81643600863502	24.800000000000082	2	none	1	0.016436008634936883	0.01643600863493689	locked
ahead	0	24.91643600863502	24.900000000000084	2	none	1	0.016436008634936883	0.01643600863493689	locked
ahead	0	25.016436008635022	25.000000000000085	2	none	1	0.016436008634936883	0.01643600863493689	locked
ahead	0	25.116436008635024	25.100000000000087	2	none	1	0.016436008634936883	0.01643600863493689	locked
ahead	0	25.216436008635025	25.200000000000088	2	none	1	0.016436008634936883	0.01643600863493689	locked
ahead	0	25.316436008635026	25.30000000000009	2	none	1	0.016436008634936883	0.01643600863493689	locked
ahead	0	25.416436008635028	25.40000000000009	2	none	1	0.016436008634936883	0.01643600863493689	locked
ahead	0	25.51643600863503	25.500000000000092	2	none	1	0.016436008634936883	0.01643600863493689	locked
ahead	0	25.61643600863503	25.600000000000094	2	none	1	0.016436008634936883	0.01643600863493689	locked
ahead	0	25.716436008635032	25.700000000000095	2	none	1	0.016436008634936883	0.01643600863493689	locked
ahead	0	25.816436008635034	25.800000000000097	2	none	1	0.016436008634936883	0.01643600863493689	locked
ahead	0	25.916436008635035	25.900000000000098	2	none	1	0.016436008634936883	0.01643600863493689	locked
ahead	0	26.016436008635036	26.0000000000001	2	none	1	0.016436008634936883	0.01643600863493689	locked
ahead	0	26.116436008635038	26.1000000000001	2	none	1	0.016436008634936883	0.01643600863493689	locked
ahead	0	26.21643600863504	26.200000000000102	2	none	1	0.016436008634936883	0.01643600863493689	locked
ahead	0	26.31643600863504	26.300000000000104	2	none	1	0.016436008634936883	0.01643600863493689	locked
ahead	0	26.416436008635042	26.400000000000105	2	none	1	0.016436008634936883	0.01643600863493689	locked
ahead	0	26.516436008635043	26.500000000000107	2	none	1	0.016436008634936883	0.01643600863493689	locked
ahead	0	26.616436008635045	26.600000000000108	2	none	1	0.016436008634936883	0.01643600863493689	locked
ahead	0	26.716436008635046	26.70000000000011	2	none	1	0.016436008634936883	0.01643600863493689	locked
ahead	0	26.816436008635048	26.80000000000011	2	none	1	0.016436008634936883	0.01643600863493689	locked
ahead	0	26.91643600863505	26.900000000000112	2	none	1	0.016436008634936883	0.01643600863493689	locked
ahead	0	27.01643600863505	27.000000000000114	2	none	1	0.016436008634936883	0.01643600863493689	locked
ahead	0	27.116436008635052	27.100000000000115	2	none	1	0.016436008634936883	0.01643600863493689	locked
ahead	0	27.216436008635053	27.200000000000117	2	none	1	0.016436008634936883	0.01643600863493689	locked
ahead	0	27.316436008635055	27.300000000000118	2	none	1	0.016436008634936883	0.01643600863493689	locked
ahead	0	27.416436008635056	27.40000000000012	2	none	1	0.016436008634936883	0.01643600863493689	locked
ahead	0	27.516436008635058	27.50000000000012	2	none	1	0.016436008634936883	0.01643600863493689	locked
ahead	0	27.61643600863506	27.600000000000122	2	none	1	0.016436008634936883	0.01643600863493689	locked
ahead	0	27.71643600863506	27.700000000000124	2	none	1	0.016436008634936883	0.01643600863493689	locked
ahead	0	27.816436008635062	27.800000000000125	2	none	1	0.016436008634936883	0.01643600863493689	locked
ahead	0	27.916436008635063	27.900000000000126	2	none	1	0.016436008634936883	0.01643600863493689	locked
ahead	0	28.016436008635065	28.000000000000128	2	none	1	0.016436008634936883	0.01643600863493689	locked
ahead	0	28.116436008635066	28.10000000000013	2	none	1	0.016436008634936883	0.01643600863493689	locked
ahead	0	28.216436008635068	28.20000000000013	2	none	1	0.016436008634936883	0.01643600863493689	locked
ahead	0	28.31643600863507	28.300000000000132	2	none	1	0.016436008634936883	0.01643600863493689	locked
ahead	0	28.41643600863507	28.400000000000134	2	none	1	0.016436008634936883	0.01643600863493689	locked
ahead	0	28.516436008635072	28.500000000000135	2	none	1	0.016436008634936883	0.01643600863493689	locked
ahead	0	28.616436008635073	28.600000000000136	2	none	1	0.016436008634936883	0.01643600863493689	locked
ahead	0	28.716436008635075	28.700000000000138	2	none	1	0.016436008634936883	0.01643600863493689	locked
ahead	0	28.816436008635076	28.80000000000014	2	none	1	0.016436008634936883	0.01643600863493689	locked
ahead	0	28.916436008635078	28.90000000000014	2	none	1	0.016436008634936883	0.01643600863493689	locked
ahead	0	29.01643600863508	29.000000000000142	2	none	1	0.016436008634936883	0.01643600863493689	locked
ahead	0	29.11643600863508	29.100000000000144	2	none	1	0.016436008634936883	0.01643600863493689	locked
ahead	0	29.216436008635082	29.200000000000145	2	none	1	0.016436008634936883	0.01643600863493689	locked
ahead	0	29.316436008635083	29.300000000000146	2	none	1	0.016436008634936883	0.01643600863493689	locked
ahead	0	29.416436008635085	29.400000000000148	2	none	1	0.016436008634936883	0.01643600863493689	locked
ahead	0	29.516436008635086	29.50000000000015	2	none	1	0.016436008634936883	0.01643600863493689	locked
ahead	0	29.616436008635088	29.60000000000015	2	none	1	0.016436008634936883	0.01643600863493689	locked
ahead	0	29.71643600863509	29.700000000000152	2	none	1	0.016436008634936883	0.01643600863493689	locked
ahead	0	29.81643600863509	29.800000000000153	2	none	1	0.016436008634936883	0.01643600863493689	locked
ahead	0	29.916436008635092	29.900000000000155	2	none	1	0.016436008634936883	0.01643600863493689	locked
ahead	0	30.016436008635093	30.000000000000156	2	none	1	0.016436008634936883	0.01643600863493689	locked
ahead	0	30.116436008635095	30.100000000000158	2	none	1	0.016436008634936883	0.01643600863493689	locked
ahead	0	30.216436008635096	30.20000000000016	2	none	1	0.016436008634936883	0.01643600863493689	locked
ahead	0	30.316436008635097	30.30000000000016	2	none	1	0.016436008634936883	0.01643600863493689	locked
ahead	0	30.4164360086351	30.400000000000162	2	none	1	0.016436008634936883	0.01643600863493689	locked
ahead	0	30.5164360086351	30.500000000000163	2	none	1	0.016436008634936883	0.01643600863493689	locked
ahead	0	30.6164360086351	30.600000000000165	2	none	1	0.016436008634936883	0.01643600863493689	locked
ahead	0	30.716436008635103	30.700000000000166	2	none	1	0.016436008634936883	0.01643600863493689	locked
ahead	0	30.816436008635105	30.800000000000168	2	none	1	0.016436008634936883	0.01643600863493689	locked
ahead	0	30.916436008635106	30.90000000000017	2	none	1	0.016436008634936883	0.01643600863493689	locked
ahead	0	31.016436008635107	31.00000000000017	2	none	1	0.016436008634936883	0.01643600863493689	locked
ahead	0	31.11643600863511	31.100000000000172	2	none	1	0.016436008634936883	0.01643600863493689	locked
ahead	0	31.21643600863511	31.200000000000173	2	none	1	0.016436008634936883	0.01643600863493689	locked
ahead	0	31.31643600863511	31.300000000000175	2	none	1	0.016436008634936883	0.01643600863493689	locked
ahead	0	31.416436008635113	31.400000000000176	2	none	1	0.016436008634936883	0.01643600863493689	locked
ahead	0	31.516436008635115	31.500000000000178	2	none	1	0.016436008634936883	0.01643600863493689	locked
ahead	0	31.616436008635116	31.60000000000018	2	none	1	0.016436008634936883	0.01643600863493689	locked
ahead	0	31.716436008635117	31.70000000000018	2	none	1	0.016436008634936883	0.01643600863493689	locked
ahead	0	31.81643600863512	31.800000000000182	2	none	1	0.016436008634936883	0.01643600863493689	locked
ahead	0	31.91643600863512	31.900000000000183	2	none	1	0.016436008634936883	0.01643600863493689	locked
ahead	0	32.01643600863512	32.000000000000185	2	none	1	0.01643600863493333	0.016436008634936	locked
ahead	0	32.11643600863512	32.100000000000186	2	none	1	0.01643600863493333	0.016436008634935335	locked
ahead	0	32.21643600863512	32.20000000000019	2	none	1	0.01643600863493333	0.016436008634934836	locked
ahead	0	32.31643600863512	32.30000000000019	2	none	1	0.01643600863493333	0.01643600863493446	locked
ahead	0	32.416436008635124	32.40000000000019	2	none	1	0.01643600863493333	0.016436008634934177	locked
ahead	0	32.516436008635125	32.50000000000019	2	none	1	0.01643600863493333	0.016436008634933965	locked
ahead	0	32.61643600863513	32.60000000000019	2	none	1	0.01643600863493333	0.016436008634933805	locked
ahead	0	32.71643600863513	32.700000000000195	2	none	1	0.01643600863493333	0.016436008634933687	locked
ahead	0	32.81643600863513	32.800000000000196	2	none	1	0.01643600863493333	0.016436008634933597	locked
ahead	0	32.91643600863513	32.9000000000002	2	none	1	0.01643600863493333	0.01643600863493353	locked
ahead	0	33.01643600863513	33.0000000000002	2	none	1	0.01643600863493333	0.016436008634933483	locked
ahead	0	33.116436008635134	33.1000000000002	2	none	1	0.01643600863493333	0.016436008634933445	locked
ahead	0	33.216436008635135	33.2000000000002	2	none	1	0.01643600863493333	0.016436008634933417	locked
ahead	0	33.31643600863514	33.3000000000002	2	none	1	0.01643600863493333	0.016436008634933396	locked
ahead	0	33.41643600863514	33.400000000000205	2	none	1	0.01643600863493333	0.01643600863493338	locked
ahead	0	33.51643600863514	33.500000000000206	2	none	1	0.01643600863493333	0.016436008634933365	locked
ahead	0	33.61643600863514	33.60000000000021	2	none	1	0.01643600863493333	0.016436008634933358	locked
ahead	0	33.71643600863514	33.70000000000021	2	none	1	0.01643600863493333	0.01643600863493335	locked
ahead	0	33.816436008635144	33.80000000000021	2	none	1	0.01643600863493333	0.016436008634933344	locked
ahead	0	33.916436008635145	33.90000000000021	2	none	1	0.01643600863493333	0.01643600863493334	locked
ahead	0	34.01643600863515	34.00000000000021	2	none	1	0.01643600863493333	0.016436008634933337	locked
ahead	0	34.11643600863515	34.100000000000215	2	none	1	0.01643600863493333	0.016436008634933337	locked
ahead	0	34.21643600863515	34.200000000000216	2	none	1	0.01643600863493333	0.016436008634933337	locked
ahead	0	34.31643600863515	34.30000000000022	2	none	1	0.01643600863493333	0.016436008634933337	locked
ahead	0	34.41643600863515	34.40000000000022	2	none	1	0.01643600863493333	0.016436008634933337	locked
ahead	0	34.516436008635154	34.50000000000022	2	none	1	0.01643600863493333	0.016436008634933337	locked
ahead	0	34.616436008635155	34.60000000000022	2	none	1	0.01643600863493333	0.016436008634933337	locked
ahead	0	34.716436008635156	34.70000000000022	2	none	1	0.01643600863493333	0.016436008634933337	locked
ahead	0	34.81643600863516	34.800000000000225	2	none	1	0.01643600863493333	0.016436008634933337	locked
ahead	0	34.91643600863516	34.900000000000226	2	none	1	0.01643600863493333	0.016436008634933337	locked
ahead	0	35.01643600863516	35.00000000000023	2	none	1	0.01643600863493333	0.016436008634933337	locked
ahead	0	35.11643600863516	35.10000000000023	2	none	1	0.01643600863493333	0.016436008634933337	locked
ahead	0	35.21643600863516	35.20000000000023	2	none	1	0.01643600863493333	0.016436008634933337	locked
ahead	0	35.316436008635165	35.30000000000023	2	none	1	0.01643600863493333	0.016436008634933337	locked
ahead	0	35.416436008635166	35.40000000000023	2	none	1	0.01643600863493333	0.016436008634933337	locked
ahead	0	35.51643600863517	35.500000000000234	2	none	1	0.01643600863493333	0.016436008634933337	locked
ahead	0	35.61643600863517	35.600000000000236	2	none	1	0.01643600863493333	0.016436008634933337	locked
ahead	0	35.71643600863517	35.70000000000024	2	none	1	0.01643600863493333	0.016436008634933337	locked
ahead	0	35.81643600863517	35.80000000000024	2	none	1	0.01643600863493333	0.016436008634933337	locked
ahead	0	35.91643600863517	35.90000000000024	2	none	1	0.01643600863493333	0.016436008634933337	locked
ahead	0	36.016436008635175	36.00000000000024	2	none	1	0.01643600863493333	0.016436008634933337	locked
ahead	0	36.116436008635176	36.10000000000024	2	none	1	0.01643600863493333	0.016436008634933337	locked
ahead	0	36.21643600863518	36.200000000000244	2	none	1	0.01643600863493333	0.016436008634933337	locked
ahead	0	36.31643600863518	36.300000000000246	2	none	1	0.01643600863493333	0.016436008634933337	locked
ahead	0	36.41643600863518	36.40000000000025	2	none	1	0.01643600863493333	0.016436008634933337	locked
ahead	0	36.51643600863518	36.50000000000025	2	none	1	0.01643600863493333	0.016436008634933337	locked
ahead	0	36.61643600863518	36.60000000000025	2	none	1	0.01643600863493333	0.016436008634933337	locked
ahead	0	36.716436008635185	36.70000000000025	2	none	1	0.01643600863493333	0.016436008634933337	locked
ahead	0	36.816436008635186	36.80000000000025	2	none	1	0.01643600863493333	0.016436008634933337	locked
ahead	0	36.91643600863519	36.900000000000254	2	none	1	0.01643600863493333	0.016436008634933337	locked
ahead	0	37.01643600863519	37.000000000000256	2	none	1	0.01643600863493333	0.016436008634933337	locked
ahead	0	37.11643600863519	37.10000000000026	2	none	1	0.01643600863493333	0.016436008634933337	locked
ahead	0	37.21643600863519	37.20000000000026	2	none	1	0.01643600863493333	0.016436008634933337	locked
ahead	0	37.31643600863519	37.30000000000026	2	none	1	0.01643600863493333	0.016436008634933337	locked
ahead	0	37.416436008635195	37.40000000000026	2	none	1	0.01643600863493333	0.016436008634933337	locked
ahead	0	37.516436008635196	37.50000000000026	2	none	1	0.01643600863493333	0.016436008634933337	locked
ahead	0	37.6164360086352	37.600000000000264	2	none	1	0.01643600863493333	0.016436008634933337	locked
ahead	0	37.7164360086352	37.700000000000266	2	none	1	0.01643600863493333	0.016436008634933337	locked
ahead	0	37.8164360086352	37.80000000000027	2	none	1	0.01643600863493333	0.016436008634933337	locked
ahead	0	37.9164360086352	37.90000000000027	2	none	1	0.01643600863493333	0.016436008634933337	locked
ahead	0	38.0164360086352	38.00000000000027	2	none	1	0.01643600863493333	0.016436008634933337	locked
ahead	0	38.116436008635205	38.10000000000027	2	none	1	0.01643600863493333	0.016436008634933337	locked
ahead	0	38.216436008635206	38.20000000000027	2	none	1	0.01643600863493333	0.016436008634933337	locked
ahead	0	38.31643600863521	38.300000000000274	2	none	1	0.01643600863493333	0.016436008634933337	locked
ahead	0	38.41643600863521	38.400000000000276	2	none	1	0.01643600863493333	0.016436008634933337	locked
ahead	0	38.51643600863521	38.50000000000028	2	none	1	0.01643600863493333	0.016436008634933337	locked
ahead	0	38.61643600863521	38.60000000000028	2	none	1	0.01643600863493333	0.016436008634933337	locked
ahead	0	38.71643600863521	38.70000000000028	2	none	1	0.01643600863493333	0.016436008634933337	locked
ahead	0	38.816436008635215	38.80000000000028	2	none	1	0.01643600863493333	0.016436008634933337	locked
ahead	0	38.916436008635216	38.90000000000028	2	none	1	0.01643600863493333	0.016436008634933337	locked
ahead	0	39.01643600863522	39.000000000000284	2	none	1	0.01643600863493333	0.016436008634933337	locked
ahead	0	39.11643600863522	39.100000000000286	2	none	1	0.01643600863493333	0.016436008634933337	locked
ahead	0	39.21643600863522	39.20000000000029	2	none	1	0.01643600863493333	0.016436008634933337	locked
ahead	0	39.31643600863522	39.30000000000029	2	none	1	0.01643600863493333	0.016436008634933337	locked
ahead	0	39.41643600863522	39.40000000000029	2	none	1	0.01643600863493333	0.016436008634933337	locked
ahead	0	39.516436008635225	39.50000000000029	2	none	1	0.01643600863493333	0.016436008634933337	locked
ahead	0	39.616436008635226	39.60000000000029	2	none	1	0.01643600863493333	0.016436008634933337	locked
